segment_type,segment,transactions,fraud_cases,fraud_rate_pct,flagged,true_positives,false_positives,false_negatives,true_negatives,precision,recall,f1,false_positive_rate,accuracy,roc_auc,pr_auc
overall,All transactions,88235,150,0.17,116,109,7,41,88078,0.9397,0.7267,0.8195,0.0001,0.9995,0.9943,0.9227
category,baseline,6251,6,0.096,3,3,0,3,6245,1.0,0.5,0.6667,0.0,0.9995,,
category,food_dining,6046,3,0.05,0,0,0,3,6043,,0.0,0.0,0.0,0.9995,,
category,gas_transport,9085,14,0.154,14,14,0,0,9071,1.0,1.0,1.0,0.0,1.0,,
category,grocery_net,3016,3,0.099,2,2,0,1,3013,1.0,0.6667,0.8,0.0,0.9997,,
category,grocery_pos,8492,31,0.365,28,28,0,3,8461,1.0,0.9032,0.9492,0.0,0.9996,,
category,health_fitness,5879,5,0.085,1,1,0,4,5874,1.0,0.2,0.3333,0.0,0.9993,,
category,home,8523,5,0.059,2,1,1,4,8517,0.5,0.2,0.2857,0.0001,0.9994,,
category,kids_pets,7599,3,0.039,0,0,0,3,7596,,0.0,0.0,0.0,0.9996,,
category,misc_net,4456,16,0.359,14,14,0,2,4440,1.0,0.875,0.9333,0.0,0.9996,,
category,misc_pos,5176,7,0.135,4,4,0,3,5169,1.0,0.5714,0.7273,0.0,0.9994,,
category,personal_care,6294,4,0.064,1,1,0,3,6290,1.0,0.25,0.4,0.0,0.9995,,
category,shopping_net,6881,34,0.494,35,29,6,5,6841,0.8286,0.8529,0.8406,0.0009,0.9984,,
category,shopping_pos,7844,15,0.191,11,11,0,4,7829,1.0,0.7333,0.8462,0.0,0.9995,,
category,travel,2693,4,0.149,1,1,0,3,2689,1.0,0.25,0.4,0.0,0.9989,,
hour,0,2880,15,0.521,14,14,0,1,2865,1.0,0.9333,0.9655,0.0,0.9997,,
hour,1,2928,13,0.444,13,13,0,0,2915,1.0,1.0,1.0,0.0,1.0,,
hour,2,2812,14,0.498,14,14,0,0,2798,1.0,1.0,1.0,0.0,1.0,,
hour,3,2915,11,0.377,10,10,0,1,2904,1.0,0.9091,0.9524,0.0,0.9997,,
hour,4,2841,0,0.0,0,0,0,0,2841,,,,0.0,1.0,,
hour,5,2938,1,0.034,0,0,0,1,2937,,0.0,0.0,0.0,0.9997,,
hour,6,2891,0,0.0,0,0,0,0,2891,,,,0.0,1.0,,
hour,7,2888,0,0.0,0,0,0,0,2888,,,,0.0,1.0,,
hour,8,2912,0,0.0,0,0,0,0,2912,,,,0.0,1.0,,
hour,9,2848,1,0.035,1,1,0,0,2847,1.0,1.0,1.0,0.0,1.0,,
hour,10,2960,2,0.068,1,1,0,1,2958,1.0,0.5,0.6667,0.0,0.9997,,
hour,11,2881,0,0.0,0,0,0,0,2881,,,,0.0,1.0,,
hour,12,4506,2,0.044,0,0,0,2,4504,,0.0,0.0,0.0,0.9996,,
hour,13,4465,0,0.0,0,0,0,0,4465,,,,0.0,1.0,,
hour,14,4415,0,0.0,0,0,0,0,4415,,,,0.0,1.0,,
hour,15,4519,1,0.022,0,0,0,1,4518,,0.0,0.0,0.0,0.9998,,
hour,16,4487,2,0.045,1,1,0,1,4485,1.0,0.5,0.6667,0.0,0.9998,,
hour,17,4422,2,0.045,0,0,0,2,4420,,0.0,0.0,0.0,0.9995,,
hour,18,4457,1,0.022,0,0,0,1,4456,,0.0,0.0,0.0,0.9998,,
hour,19,4472,0,0.0,0,0,0,0,4472,,,,0.0,1.0,,
hour,20,4494,1,0.022,0,0,0,1,4493,,0.0,0.0,0.0,0.9998,,
hour,21,4497,1,0.022,0,0,0,1,4496,,0.0,0.0,0.0,0.9998,,
hour,22,4421,46,1.04,34,28,6,18,4369,0.8235,0.6087,0.7,0.0014,0.9946,,
hour,23,4386,37,0.844,28,27,1,10,4348,0.9643,0.7297,0.8308,0.0002,0.9975,,
time_of_day,Afternoon (12-17),26814,7,0.026,1,1,0,6,26807,1.0,0.1429,0.25,0.0,0.9998,,
time_of_day,Evening (18-21),17920,3,0.017,0,0,0,3,17917,,0.0,0.0,0.0,0.9998,,
time_of_day,Late night (22-23),8807,83,0.942,62,55,7,28,8717,0.8871,0.6627,0.7586,0.0008,0.996,,
time_of_day,Morning (6-11),17380,3,0.017,2,2,0,1,17377,1.0,0.6667,0.8,0.0,0.9999,,
time_of_day,Night (0-5),17314,54,0.312,51,51,0,3,17260,1.0,0.9444,0.9714,0.0,0.9998,,
age_group,25-34,19218,34,0.177,23,20,3,14,19181,0.8696,0.5882,0.7018,0.0002,0.9991,,
age_group,35-44,18378,29,0.158,20,18,2,11,18347,0.9,0.6207,0.7347,0.0001,0.9993,,
age_group,45-54,21767,27,0.124,20,19,1,8,21739,0.95,0.7037,0.8085,0.0,0.9996,,
age_group,55-64,10268,23,0.224,20,20,0,3,10245,1.0,0.8696,0.9302,0.0,0.9997,,
age_group,65+,14416,28,0.194,25,25,0,3,14388,1.0,0.8929,0.9434,0.0,0.9998,,
age_group,<25,4188,9,0.215,8,7,1,2,4178,0.875,0.7778,0.8235,0.0002,0.9993,,
day_of_week,Fri,10278,28,0.272,23,22,1,6,10249,0.9565,0.7857,0.8627,0.0001,0.9993,,
day_of_week,Mon,17625,28,0.159,27,25,2,3,17595,0.9259,0.8929,0.9091,0.0001,0.9997,,
day_of_week,Sat,12442,24,0.193,17,17,0,7,12418,1.0,0.7083,0.8293,0.0,0.9994,,
day_of_week,Sun,15963,19,0.119,13,12,1,7,15943,0.9231,0.6316,0.75,0.0001,0.9995,,
day_of_week,Thu,10134,20,0.197,15,13,2,7,10112,0.8667,0.65,0.7429,0.0002,0.9991,,
day_of_week,Tue,13006,21,0.161,14,13,1,8,12984,0.9286,0.619,0.7429,0.0001,0.9993,,
day_of_week,Wed,8787,10,0.114,7,7,0,3,8777,1.0,0.7,0.8235,0.0,0.9997,,
risk_band,Critical (>50%),116,109,93.966,116,109,7,0,0,0.9397,1.0,0.9689,1.0,0.9397,,
risk_band,High (35-50%),23,18,78.261,0,0,0,18,5,,0.0,0.0,0.0,0.2174,,
risk_band,Low (1-10%),523,4,0.765,0,0,0,4,519,,0.0,0.0,0.0,0.9924,,
risk_band,Medium (10-35%),63,13,20.635,0,0,0,13,50,,0.0,0.0,0.0,0.7937,,
risk_band,Very low (<1%),87510,6,0.007,0,0,0,6,87504,,0.0,0.0,0.0,0.9999,,
