hour,hour_label,day_of_week,day_name,month,month_name,age,city_pop,distance,log_amt,is_fraud,category_food_dining,category_gas_transport,category_grocery_net,category_grocery_pos,category_health_fitness,category_home,category_kids_pets,category_misc_net,category_misc_pos,category_personal_care,category_shopping_net,category_shopping_pos,category_travel
0,12:16 AM,4,Thursday,8,August,51,206,0.5711205886325732,1.430311246536665,0,False,False,False,False,False,False,False,False,False,False,False,False,False
5,05:38 AM,4,Thursday,10,October,62,1120,0.6963874636759322,1.324418957401803,0,False,False,False,False,False,False,False,False,False,False,False,True,False
13,01:56 PM,2,Tuesday,11,November,31,5662,0.7244305910637604,5.153984995658116,0,False,False,False,False,False,False,False,False,False,False,False,False,False
4,04:25 AM,1,Monday,3,March,51,614,1.0837922041433876,4.433551152327272,0,False,False,False,False,False,False,False,False,False,False,True,False,False
4,04:49 AM,7,Sunday,2,February,47,18408,0.8693136517603987,4.292512127466133,0,False,True,False,False,False,False,False,False,False,False,False,False,False
7,07:57 AM,3,Wednesday,7,July,37,1789,0.788216038723524,4.674509664066704,0,False,False,False,True,False,False,False,False,False,False,False,False,False
0,12:50 AM,3,Wednesday,6,June,46,18408,0.7214204652073615,4.312274546483423,0,False,True,False,False,False,False,False,False,False,False,False,False,False
18,06:57 PM,7,Sunday,11,November,32,832,0.2017368811546381,3.884651808632014,0,False,False,False,False,False,False,True,False,False,False,False,False,False
19,07:30 PM,6,Saturday,6,June,38,42817,0.5897830780863313,2.9407479652212314,0,False,False,False,False,False,True,False,False,False,False,False,False,False
15,03:49 PM,5,Friday,12,December,48,34882,0.3957405494525408,2.498973906999436,0,False,False,False,False,False,False,True,False,False,False,False,False,False
23,11:50 PM,4,Thursday,2,February,44,964,0.9573945385680848,6.580389452857024,1,False,False,False,False,False,False,False,True,False,False,False,False,False
8,08:07 AM,1,Monday,11,November,33,2872,0.3582022802635417,3.157000421150113,0,False,False,False,False,False,False,False,True,False,False,False,False,False
13,01:55 PM,1,Monday,6,June,36,59705,0.3379852045060537,2.54002594900908,0,False,False,False,False,False,True,False,False,False,False,False,False,False
13,01:38 PM,1,Monday,11,November,58,247,1.090176761411198,4.850779482017964,0,False,False,False,False,True,False,False,False,False,False,False,False,False
20,08:16 PM,2,Tuesday,3,March,46,105549,0.9985914120730202,1.601405740736836,0,False,False,False,False,False,False,False,False,False,True,False,False,False
2,02:13 AM,6,Saturday,12,December,91,1063,0.8130273045556332,2.2823823856765264,0,False,False,False,False,False,False,False,True,False,False,False,False,False
20,08:13 PM,5,Friday,8,August,53,1725,0.3426492658214851,2.797281334830153,0,False,False,False,False,False,False,True,False,False,False,False,False,False
12,12:22 PM,6,Saturday,8,August,43,190249,0.9436354481562208,1.7749523509116738,0,False,False,False,False,True,False,False,False,False,False,False,False,False
18,06:59 PM,7,Sunday,11,November,36,27971,0.4732743586483405,7.100579819169237,0,False,False,False,False,False,False,False,False,False,False,True,False,False
22,10:18 PM,7,Sunday,5,May,46,110,1.0864218483834926,4.345232973844869,0,False,False,False,False,True,False,False,False,False,False,False,False,False
11,11:17 AM,6,Saturday,12,December,65,337,1.0492210853485542,1.6808279085207734,0,False,False,False,False,False,False,False,False,False,False,False,True,False
12,12:29 PM,1,Monday,10,October,49,34882,0.4413569608389663,2.19722457733622,0,False,False,False,False,False,True,False,False,False,False,False,False,False
16,04:50 PM,7,Sunday,10,October,26,19408,0.9624139353313648,0.7747271675523681,0,False,False,False,False,False,False,False,False,False,False,False,False,False
21,09:11 PM,5,Friday,9,September,33,46,0.9282207597576236,3.799302135364028,0,False,False,False,False,False,False,False,False,False,False,False,False,False
17,05:05 PM,3,Wednesday,6,June,85,73,0.4744174153264183,1.955860479908481,0,False,False,False,False,False,False,False,False,False,False,False,False,True
13,01:19 PM,7,Sunday,7,July,62,759,0.9656711528476009,2.1838015570040787,0,True,False,False,False,False,False,False,False,False,False,False,False,False
17,05:42 PM,7,Sunday,7,July,31,2872,0.8380002249271786,4.151826997635463,0,True,False,False,False,False,False,False,False,False,False,False,False,False
12,12:00 PM,5,Friday,9,September,54,519,1.063396259688733,5.03909316691274,0,False,False,False,False,False,False,True,False,False,False,False,False,False
20,08:52 PM,5,Friday,8,August,46,11256,0.366816581907085,3.762129915853529,0,False,False,False,False,False,True,False,False,False,False,False,False,False
6,06:14 AM,1,Monday,7,July,29,1490,0.6229776003565397,4.319885238136032,0,False,True,False,False,False,False,False,False,False,False,False,False,False
19,07:33 PM,4,Thursday,11,November,48,11256,0.7479952681862413,4.503026712319388,0,False,False,False,False,False,False,False,False,False,False,False,False,False
11,11:47 AM,7,Sunday,8,August,69,331,1.289586387693748,5.047031509287547,0,False,False,False,False,False,False,False,False,False,False,True,False,False
4,04:51 AM,3,Wednesday,11,November,91,276,1.0410851478860876,4.090001812787964,0,False,True,False,False,False,False,False,False,False,False,False,False,False
15,03:21 PM,6,Saturday,7,July,49,648,0.7005903250616496,4.777357228301448,0,True,False,False,False,False,False,False,False,False,False,False,False,False
16,04:22 PM,5,Friday,3,March,37,49,0.2240730691939602,5.744700464568751,1,False,False,False,True,False,False,False,False,False,False,False,False,False
15,03:13 PM,6,Saturday,6,June,62,759,0.3107530757176804,2.0906287310704004,0,False,False,False,False,False,False,False,False,False,False,False,False,True
16,04:22 PM,2,Tuesday,12,December,81,61,1.1058059744692927,3.925136644573529,0,False,False,False,False,True,False,False,False,False,False,False,False,False
12,12:08 PM,1,Monday,3,March,49,84106,0.8395637226685061,3.5779478934066544,0,False,False,False,False,False,False,False,False,False,True,False,False,False
15,03:30 PM,3,Wednesday,6,June,26,42384,0.1202928277246782,3.2204745462318978,0,False,False,False,False,False,False,False,False,False,False,True,False,False
13,01:20 PM,4,Thursday,9,September,40,1201,0.7847046290018937,4.214347354616797,0,False,False,False,False,False,False,False,False,False,False,False,False,False
8,08:14 AM,4,Thursday,7,July,64,4677,0.8515047982066869,2.2502386126218363,0,False,False,False,False,False,False,False,False,True,False,False,False,False
14,02:07 PM,5,Friday,4,April,69,331,1.059630564861162,2.226783379577764,0,False,False,False,False,False,False,False,False,False,True,False,False,False
17,05:09 PM,6,Saturday,2,February,46,105549,0.807787661505798,3.7133281345162463,0,False,False,False,False,False,True,False,False,False,False,False,False,False
8,08:17 AM,1,Monday,5,May,37,1312922,0.880582901915545,3.9630962756121466,0,False,False,True,False,False,False,False,False,False,False,False,False,False
21,09:45 PM,7,Sunday,10,October,31,35371,0.7664982261492872,4.71240893665769,0,False,False,False,False,False,True,False,False,False,False,False,False,False
20,08:14 PM,2,Tuesday,11,November,60,927396,1.0262337055047446,1.7369512327330598,0,False,False,False,False,False,False,False,False,False,False,False,False,True
12,12:53 PM,4,Thursday,10,October,58,597,1.340029525361284,6.871101668000725,1,False,False,False,False,False,False,False,False,False,False,True,False,False
22,10:56 PM,1,Monday,2,February,52,899,0.6541608681127227,6.63452822749994,1,False,False,False,False,False,False,False,True,False,False,False,False,False
21,09:24 PM,7,Sunday,10,October,67,1631,0.4914169166247736,3.82602929226117,0,False,False,False,False,False,True,False,False,False,False,False,False,False
7,07:03 AM,7,Sunday,12,December,40,509,0.901216346700394,1.7404661748405046,0,False,False,False,False,False,False,False,True,False,False,False,False,False
13,01:25 PM,5,Friday,5,May,52,757530,0.8751913296354102,4.082946517269732,0,False,False,False,False,False,False,True,False,False,False,False,False,False
9,09:18 AM,6,Saturday,11,November,34,35439,0.1629626971119478,4.221270855794487,0,False,True,False,False,False,False,False,False,False,False,False,False,False
13,01:58 PM,7,Sunday,12,December,65,602,1.0769265507080834,2.378619779270043,0,False,False,False,False,False,False,False,False,False,False,False,False,True
22,10:44 PM,7,Sunday,8,August,40,1201,0.9367942726986508,4.456786180221833,0,False,False,False,False,False,True,False,False,False,False,False,False,False
16,04:36 PM,1,Monday,5,May,64,973849,0.7147364612218887,5.05955243433087,0,False,False,False,False,False,False,True,False,False,False,False,False,False
20,08:03 PM,1,Monday,6,June,52,206,0.6672416819991107,4.294697025235496,0,False,False,False,False,False,False,False,False,False,True,False,False,False
10,10:38 AM,7,Sunday,12,December,32,151815,0.9162769076763878,4.326646051321076,0,False,True,False,False,False,False,False,False,False,False,False,False,False
19,07:28 PM,5,Friday,6,June,37,1789,0.7603224728626654,3.541249137109912,0,False,False,False,False,False,False,False,False,False,False,False,False,False
3,03:41 AM,7,Sunday,7,July,43,641349,0.510605357332828,4.043402083484526,0,False,False,True,False,False,False,False,False,False,False,False,False,False
4,04:23 AM,3,Wednesday,10,October,41,149,1.0549408732895884,4.441709636835055,0,False,False,False,True,False,False,False,False,False,False,False,False,False
20,08:40 PM,2,Tuesday,11,November,30,9772,1.2258973429308837,0.9895411936137476,0,False,False,False,False,False,False,False,False,False,False,True,False,False
20,08:37 PM,3,Wednesday,4,April,46,54287,0.9105015130069856,4.827353276207177,0,False,False,False,False,False,True,False,False,False,False,False,False,False
23,11:26 PM,7,Sunday,11,November,38,1312922,0.9930119227985124,3.74879794432518,0,False,False,False,False,False,False,False,False,False,False,True,False,False
13,01:37 PM,5,Friday,7,July,50,805,0.4647950404640745,3.666378188767423,0,False,False,False,False,False,True,False,False,False,False,False,False,False
12,12:07 PM,3,Wednesday,12,December,40,757530,1.0361873718999874,1.3987168811184478,0,False,False,False,False,False,False,False,False,False,False,False,True,False
12,12:31 PM,7,Sunday,12,December,61,308,0.8876065540637973,3.3854066957558318,0,True,False,False,False,False,False,False,False,False,False,False,False,False
13,01:42 PM,2,Tuesday,7,July,53,4878,0.7032948698326963,4.225080384211156,0,True,False,False,False,False,False,False,False,False,False,False,False,False
5,05:37 AM,2,Tuesday,12,December,39,1201,1.149120651363033,4.21419952403038,0,False,True,False,False,False,False,False,False,False,False,False,False,False
6,06:22 AM,1,Monday,2,February,69,1139,0.906574442598618,6.382103624097474,0,False,False,False,False,False,False,False,True,False,False,False,False,False
17,05:19 PM,7,Sunday,9,September,62,1120,0.8374320832001848,3.71284009155878,0,False,False,False,False,False,True,False,False,False,False,False,False,False
17,05:36 PM,5,Friday,1,January,46,123,0.8716491395464091,4.494797128506721,0,False,False,False,False,False,True,False,False,False,False,False,False,False
4,04:07 AM,3,Wednesday,6,June,43,1645,0.9469728379811164,4.467056883858457,0,False,False,False,False,False,False,False,False,False,False,True,False,False
18,06:21 PM,1,Monday,11,November,68,1925,0.5113230840652452,2.084429083190875,0,False,False,False,False,False,False,False,False,False,False,False,False,True
14,02:11 PM,1,Monday,1,January,43,320420,0.3362369357298439,5.237186366543805,0,False,False,False,False,False,False,False,False,False,False,True,False,False
17,05:35 PM,4,Thursday,7,July,63,4161,0.9020056111931934,4.700843936056374,0,True,False,False,False,False,False,False,False,False,False,False,False,False
23,11:01 PM,6,Saturday,12,December,33,46,0.6045354949942892,1.264126727145683,0,False,False,False,False,False,False,False,False,False,False,False,False,True
15,03:51 PM,4,Thursday,5,May,53,129,1.242488994737984,4.290459441148391,0,False,False,False,False,False,False,True,False,False,False,False,False,False
22,10:16 PM,4,Thursday,12,December,92,633,0.9216771399014972,4.426521874560433,0,True,False,False,False,False,False,False,False,False,False,False,False,False
6,06:12 AM,1,Monday,12,December,48,18408,0.3983300512251121,4.371092069621102,0,False,False,True,False,False,False,False,False,False,False,False,False,False
18,06:52 PM,3,Wednesday,7,July,33,760,0.4162048137984455,1.3056264580524355,0,True,False,False,False,False,False,False,False,False,False,False,False,False
9,09:31 AM,7,Sunday,11,November,77,761,0.980374421411026,3.9495114498391377,0,False,True,False,False,False,False,False,False,False,False,False,False,False
17,05:28 PM,1,Monday,12,December,84,1288,0.6351233891032565,2.8320361808832013,0,False,False,False,False,True,False,False,False,False,False,False,False,False
22,10:57 PM,1,Monday,12,December,21,1312922,0.7747289319684589,4.760206188087624,0,False,False,False,False,False,False,False,False,False,False,False,False,False
22,10:11 PM,7,Sunday,6,June,22,973849,0.4975300600215124,2.2321626286975,0,False,False,False,False,False,False,False,False,False,False,False,False,False
17,05:18 PM,6,Saturday,12,December,38,1312922,0.7815633354053906,3.466048353981772,0,False,False,False,False,False,False,True,False,False,False,False,False,False
23,11:29 PM,6,Saturday,8,August,58,247,0.8586820377217611,2.734367509419584,0,False,False,False,False,True,False,False,False,False,False,False,False,False
21,09:47 PM,7,Sunday,9,September,27,107941,0.7483495522200815,4.315619702476283,0,False,False,False,False,False,True,False,False,False,False,False,False,False
7,07:21 AM,1,Monday,5,May,28,525713,1.0035189299430236,5.269300417477544,0,False,False,False,True,False,False,False,False,False,False,False,False,False
3,03:07 AM,6,Saturday,8,August,38,241,0.2946028164563282,4.9004483350615,0,False,False,False,True,False,False,False,False,False,False,False,False,False
16,04:17 PM,2,Tuesday,12,December,65,337,0.2044036305450544,2.254444717666111,0,False,False,False,False,False,True,False,False,False,False,False,False,False
20,08:14 PM,1,Monday,6,June,35,50489,0.3555882228561547,3.94138761405805,0,False,False,False,False,True,False,False,False,False,False,False,False,False
16,04:51 PM,5,Friday,10,October,40,1201,1.0544492496393598,4.305955197722586,0,False,False,False,False,True,False,False,False,False,False,False,False,False
12,12:31 PM,1,Monday,6,June,30,35371,1.0092058701067876,3.6008675767907232,0,False,False,False,False,False,False,True,False,False,False,False,False,False
17,05:07 PM,2,Tuesday,12,December,37,1930,1.2857558077527778,4.148674906767148,0,False,False,False,False,True,False,False,False,False,False,False,False,False
22,10:44 PM,1,Monday,4,April,26,126,0.9089038347751568,4.574401652316455,0,False,False,False,False,False,True,False,False,False,False,False,False,False
19,07:41 PM,1,Monday,4,April,57,247,0.569926611256227,0.9282193027394288,0,False,False,False,False,False,False,False,False,False,False,False,False,True
18,06:33 PM,2,Tuesday,9,September,45,566,0.3580378416941447,4.442180557493629,0,False,False,False,False,False,True,False,False,False,False,False,False,False
21,09:56 PM,3,Wednesday,9,September,36,50489,1.0307871592569435,4.076859247881081,0,True,False,False,False,False,False,False,False,False,False,False,False,False
0,12:04 AM,1,Monday,6,June,61,464,0.5858841492257687,2.0980179272527715,0,False,False,False,False,False,False,False,False,False,False,False,True,False
6,06:56 AM,5,Friday,4,April,46,11256,0.9427552180142031,4.31708803351497,0,False,True,False,False,False,False,False,False,False,False,False,False,False
23,11:26 PM,1,Monday,12,December,59,628,0.9136606704340564,4.039888376426042,0,False,False,False,False,False,False,False,False,False,False,False,False,False
12,12:53 PM,1,Monday,12,December,21,895,0.9642640863295722,3.678576561118039,0,False,False,False,False,False,True,False,False,False,False,False,False,False
9,09:12 AM,7,Sunday,3,March,51,899,0.2267192279803433,2.239645293220172,0,False,False,False,False,False,False,False,False,False,False,False,True,False
11,11:29 AM,6,Saturday,12,December,51,648,0.4297267526324115,6.569172817401564,0,False,False,False,False,False,False,False,False,False,False,True,False,False
9,09:13 AM,5,Friday,8,August,69,1139,0.9954680836696848,1.2412685890696329,0,False,False,False,False,False,False,False,False,False,False,True,False,False
17,05:55 PM,2,Tuesday,7,July,25,19408,0.9382592151878884,1.998773638612381,0,False,False,False,False,False,False,False,False,True,False,False,False,False
9,09:44 AM,1,Monday,3,March,35,85,1.2503300802208197,4.823904028813601,0,False,False,False,False,False,False,False,True,False,False,False,False,False
8,08:30 AM,1,Monday,8,August,35,760,0.9532586137460284,4.155909917880256,0,False,True,False,False,False,False,False,False,False,False,False,False,False
21,09:39 PM,2,Tuesday,1,January,47,34882,1.1700987928820412,2.012232791986386,0,False,False,False,False,False,False,False,False,False,False,True,False,False
3,03:30 AM,2,Tuesday,12,December,52,206,0.7892855369110647,1.8562979903656265,0,False,False,False,False,False,False,False,False,True,False,False,False,False
21,09:31 PM,7,Sunday,8,August,46,123,0.9493534198811284,4.367420482284519,0,False,False,False,False,True,False,False,False,False,False,False,False,False
12,12:24 PM,2,Tuesday,11,November,70,467,0.3262128334967866,2.222459048514761,0,False,False,False,False,True,False,False,False,False,False,False,False,False
23,11:46 PM,7,Sunday,4,April,29,2368,0.9692440400662724,4.218330542003092,0,False,False,False,False,False,False,True,False,False,False,False,False,False
13,01:33 PM,6,Saturday,3,March,31,2872,1.0742643195140529,4.518958489169026,0,False,False,False,False,False,False,False,False,False,False,False,True,False
19,07:46 PM,2,Tuesday,7,July,28,525713,0.6250575223273374,2.2965670206684825,0,False,False,False,False,False,False,False,False,False,False,True,False,False
20,08:23 PM,7,Sunday,12,December,36,27971,0.7230860817254082,4.234251421632511,0,False,False,False,False,False,True,False,False,False,False,False,False,False
15,03:24 PM,6,Saturday,5,May,34,299480,0.6297773664558035,3.078693794268338,0,True,False,False,False,False,False,False,False,False,False,False,False,False
8,08:05 AM,7,Sunday,8,August,35,760,0.7557575897084959,4.461761602692735,0,False,False,False,True,False,False,False,False,False,False,False,False,False
7,07:03 AM,6,Saturday,4,April,49,84106,1.022911136597896,3.492560387676128,0,False,False,False,False,False,False,False,True,False,False,False,False,False
13,01:56 PM,4,Thursday,5,May,30,2368,1.1206076374405023,4.592692664476979,0,False,False,False,False,False,True,False,False,False,False,False,False,False
15,03:19 PM,7,Sunday,12,December,41,149,0.9115030272292006,3.164630810015805,0,False,False,False,False,False,True,False,False,False,False,False,False,False
11,11:08 AM,4,Thursday,12,December,27,19408,0.9289530246298776,4.026779242726335,0,False,True,False,False,False,False,False,False,False,False,False,False,False
2,02:20 AM,2,Tuesday,8,August,61,1241364,0.4629134439017787,0.7975071958841881,0,False,False,False,False,False,False,False,False,False,False,False,False,False
18,06:53 PM,7,Sunday,5,May,37,1789,0.9979291427135416,1.9671123567059163,0,False,False,False,False,False,False,False,False,False,True,False,False,False
14,02:48 PM,2,Tuesday,7,July,64,207,0.6810172777749528,2.113842968397168,0,False,False,False,False,False,False,False,False,False,False,False,False,True
6,06:14 AM,5,Friday,2,February,51,142,0.4156597720167308,5.574053367981417,0,False,False,False,False,False,False,False,True,False,False,False,False,False
5,05:19 AM,3,Wednesday,4,April,51,206,0.9404264899762304,5.072231992312906,0,False,False,False,True,False,False,False,False,False,False,False,False,False
3,03:25 AM,5,Friday,5,May,60,1241364,0.8400537447526809,3.6485781573404106,0,False,False,False,False,False,False,False,False,True,False,False,False,False
15,03:53 PM,6,Saturday,12,December,38,3684,0.5585886429368243,3.7316994512968646,0,False,False,False,False,False,True,False,False,False,False,False,False,False
23,11:46 PM,6,Saturday,5,May,19,895,1.0515302456767388,2.069391205826334,0,False,False,False,False,False,False,False,False,False,False,False,False,True
17,05:29 PM,7,Sunday,12,December,47,105549,1.0261899946735027,5.3528528991960505,0,False,False,False,False,True,False,False,False,False,False,False,False,False
21,09:48 PM,1,Monday,6,June,40,149,1.1345577826646784,4.013676659154646,0,False,False,False,False,True,False,False,False,False,False,False,False,False
9,09:16 AM,6,Saturday,11,November,46,381459,0.2853907947569511,3.976873977747762,0,False,True,False,False,False,False,False,False,False,False,False,False,False
7,07:56 AM,2,Tuesday,7,July,33,832,0.6391818233116484,4.560172820057356,0,False,False,False,False,False,False,False,True,False,False,False,False,False
1,01:19 AM,1,Monday,10,October,27,19408,0.3336277679585519,3.4137844971676268,0,False,False,False,True,False,False,False,False,False,False,False,False,False
3,03:28 AM,4,Thursday,4,April,44,964,1.143618435114179,3.51631018876266,0,False,False,False,False,False,False,False,False,True,False,False,False,False
4,04:25 AM,5,Friday,5,May,65,602,0.8305811398201972,6.588623818256766,0,False,False,False,False,False,False,False,False,True,False,False,False,False
5,05:11 AM,7,Sunday,4,April,41,149,0.7160391993913421,4.615813346086571,0,False,False,False,True,False,False,False,False,False,False,False,False,False
5,05:12 AM,1,Monday,7,July,55,923,0.6649757868110704,0.8501509293696101,0,False,False,False,False,False,False,False,False,True,False,False,False,False
19,07:17 PM,4,Thursday,4,April,47,11256,0.887739560581251,1.928618651945252,0,False,False,False,False,False,False,False,False,False,False,False,True,False
8,08:57 AM,4,Thursday,7,July,35,27971,0.9137226892509652,4.997212273764115,0,False,False,False,False,False,False,False,False,True,False,False,False,False
19,07:51 PM,2,Tuesday,7,July,30,606,0.4557060357171153,1.890095369948917,0,False,False,False,False,True,False,False,False,False,False,False,False,False
1,01:09 AM,6,Saturday,8,August,49,34882,0.2914922922342807,5.4452707795042,0,False,False,False,True,False,False,False,False,False,False,False,False,False
13,01:00 PM,2,Tuesday,5,May,38,1789,1.033991947478314,4.047427642434349,0,False,False,False,False,False,True,False,False,False,False,False,False,False
14,02:56 PM,4,Thursday,4,April,34,85,0.3988848643769324,2.110213200346589,0,False,False,False,False,False,False,True,False,False,False,False,False,False
11,11:25 AM,1,Monday,11,November,21,895,0.9242487605845092,3.686626919060642,0,False,False,True,False,False,False,False,False,False,False,False,False,False
18,06:27 PM,5,Friday,3,March,45,381459,0.4559641227783118,1.0473189942805592,0,False,False,False,False,False,False,False,False,False,False,True,False,False
3,03:59 AM,2,Tuesday,8,August,85,73,1.148968585048782,1.5830939370944983,0,False,False,False,False,False,False,False,True,False,False,False,False,False
23,11:20 PM,1,Monday,6,June,31,35371,0.7863002383949779,1.0367368849500225,0,False,False,False,False,False,False,False,False,False,False,False,True,False
23,11:08 PM,7,Sunday,9,September,34,94014,1.004433877335892,3.928486731458811,0,False,False,False,False,False,False,False,False,False,False,False,False,False
22,10:11 PM,6,Saturday,3,March,22,239,0.7485901962329004,7.036183673430756,1,False,False,False,False,False,False,False,False,False,False,True,False,False
1,01:35 AM,6,Saturday,4,April,54,519,0.9463312938057186,3.757472245579548,0,False,True,False,False,False,False,False,False,False,False,False,False,False
20,08:28 PM,6,Saturday,8,August,34,94014,0.9961071273859088,3.59922823216129,0,False,False,False,False,False,False,False,False,False,False,False,False,False
21,09:21 PM,6,Saturday,4,April,47,271,1.0211389481167592,1.9095425048844383,0,False,False,False,False,False,False,False,False,False,False,True,False,False
7,07:27 AM,7,Sunday,12,December,66,602,0.9361907592777348,4.843241757886537,0,False,False,False,False,False,False,False,False,False,False,False,False,False
10,10:31 AM,6,Saturday,7,July,44,964,0.3094491213640823,4.626050663567447,0,False,False,False,False,False,False,False,False,False,False,True,False,False
22,10:50 PM,1,Monday,10,October,76,761,1.1803242809910324,6.814520943122151,1,False,False,False,False,False,False,False,False,False,False,True,False,False
23,11:53 PM,1,Monday,12,December,91,1063,0.5302246216934844,3.6214032889890224,0,False,False,False,False,False,False,True,False,False,False,False,False,False
9,09:36 AM,3,Wednesday,10,October,47,54287,0.9450188298002208,5.374676374646786,0,False,False,False,True,False,False,False,False,False,False,False,False,False
7,07:06 AM,1,Monday,11,November,56,841711,0.6138675314178088,1.913977101952304,0,False,False,False,False,False,False,False,False,False,False,False,True,False
8,08:01 AM,2,Tuesday,5,May,49,34882,0.8307089675030548,4.337813479997556,0,False,False,True,False,False,False,False,False,False,False,False,False,False
2,02:33 AM,1,Monday,5,May,60,927396,0.4733837202703485,1.1052568313867783,0,False,False,False,False,False,False,False,False,False,False,False,True,False
15,03:05 PM,5,Friday,3,March,19,1312922,0.5317964721658102,1.0508216248317612,0,False,False,False,False,False,False,False,False,True,False,False,False,False
11,11:10 AM,2,Tuesday,12,December,77,60,0.960637840670976,3.80666248977032,0,False,False,True,False,False,False,False,False,False,False,False,False,False
22,10:15 PM,3,Wednesday,1,January,39,757530,1.0225244919609622,1.786746927404511,0,False,False,False,False,False,False,False,False,False,False,True,False,False
19,07:41 PM,2,Tuesday,2,February,43,320420,0.9032982871194856,2.902519891831812,0,True,False,False,False,False,False,False,False,False,False,False,False,False
1,01:06 AM,7,Sunday,12,December,60,927396,0.4969222053812868,5.460818795892685,0,True,False,False,False,False,False,False,False,False,False,False,False,False
22,10:36 PM,1,Monday,7,July,53,4878,0.509590022693737,6.962508580634908,1,False,False,False,False,False,False,False,False,False,False,True,False,False
14,02:38 PM,7,Sunday,12,December,61,464,0.9867926979148152,3.027230940613362,0,False,False,False,False,True,False,False,False,False,False,False,False,False
14,02:54 PM,3,Wednesday,3,March,47,271,1.0667035198685697,4.585273554273635,0,False,False,False,False,False,False,False,False,False,True,False,False,False
14,02:43 PM,7,Sunday,10,October,21,6703,0.3150667292828632,1.955860479908481,0,False,False,False,False,False,False,True,False,False,False,False,False,False
13,01:09 PM,3,Wednesday,12,December,34,94014,1.0017399818246284,6.980066638192915,0,False,False,False,False,False,False,False,False,False,False,False,True,False
6,06:56 AM,7,Sunday,7,July,50,45303,0.1873690654857455,4.1455128487965,0,False,True,False,False,False,False,False,False,False,False,False,False,False
21,09:22 PM,2,Tuesday,7,July,45,1745,0.7053598437478489,1.501852701754163,0,False,False,False,False,False,False,False,False,True,False,False,False,False
10,10:09 AM,6,Saturday,12,December,53,4878,0.8336109506586401,4.332311042427949,0,False,True,False,False,False,False,False,False,False,False,False,False,False
11,11:53 AM,3,Wednesday,2,February,43,1645,1.1182455699290708,3.3043193066856684,0,False,False,False,False,False,False,False,False,True,False,False,False,False
18,06:07 PM,1,Monday,9,September,58,597,0.9750106805697032,1.7457155307266483,0,False,False,False,False,False,False,False,False,False,False,False,False,True
16,04:01 PM,1,Monday,12,December,47,1749,0.842557272912069,4.207524426932059,0,False,False,False,False,False,False,True,False,False,False,False,False,False
21,09:40 PM,5,Friday,8,August,34,35439,1.017460296238139,2.201659174404085,0,False,False,False,False,False,False,False,False,False,False,True,False,False
22,10:50 PM,5,Friday,7,July,38,1312922,0.987283665645292,2.137710449803812,0,False,False,False,False,False,False,True,False,False,False,False,False,False
0,12:22 AM,2,Tuesday,1,January,57,597,0.8452577662476622,1.5390154481375546,0,False,False,False,False,False,False,False,False,False,False,True,False,False
14,02:14 PM,7,Sunday,9,September,47,635,0.5879111028123188,3.762594491936217,0,False,False,False,False,False,True,False,False,False,False,False,False,False
17,05:48 PM,6,Saturday,7,July,45,14871,0.9125945972149844,3.876395827784995,0,False,False,False,False,False,False,True,False,False,False,False,False,False
20,08:40 PM,1,Monday,12,December,21,1312922,0.4421304691083886,0.8501509293696101,0,False,False,False,False,False,False,False,False,True,False,False,False,False
22,10:40 PM,1,Monday,8,August,27,123373,0.5283500289817294,3.0209125720842893,0,False,False,False,False,False,False,True,False,False,False,False,False,False
23,11:04 PM,2,Tuesday,8,August,32,2872,0.5487744652969893,1.890095369948917,0,False,False,False,False,False,False,False,False,False,False,False,False,True
23,11:50 PM,6,Saturday,9,September,64,35705,0.8303636120236741,3.813527758679047,0,False,False,False,False,False,False,True,False,False,False,False,False,False
20,08:28 PM,2,Tuesday,3,March,38,509,0.4529516021673739,2.247072383063787,0,False,False,False,False,False,False,False,False,False,False,False,True,False
0,12:46 AM,5,Friday,7,July,69,1139,0.6451613577547927,2.1656192379208883,0,False,False,False,False,False,False,False,False,False,False,False,True,False
22,10:46 PM,6,Saturday,7,July,59,927396,0.2894951130295591,4.324529928325356,0,True,False,False,False,False,False,False,False,False,False,False,False,False
0,12:34 AM,6,Saturday,6,June,46,18408,0.7990671881600302,4.244200317766478,0,False,True,False,False,False,False,False,False,False,False,False,False,False
13,01:26 PM,6,Saturday,5,May,48,84106,0.9633993410631954,3.80666248977032,0,False,False,False,False,False,False,False,False,False,False,True,False,False
20,08:43 PM,7,Sunday,6,June,48,271,0.8415067281590819,2.340843805111136,0,True,False,False,False,False,False,False,False,False,False,False,False,False
4,04:11 AM,5,Friday,1,January,49,648,0.7413617432387591,2.315501318260592,0,False,False,False,False,False,False,False,False,False,False,True,False,False
20,08:47 PM,7,Sunday,10,October,31,1847,0.8055967227347683,2.640484881606444,0,False,False,False,False,False,True,False,False,False,False,False,False,False
5,05:20 AM,2,Tuesday,3,March,31,606,1.0879094984859683,3.926714554171136,0,False,True,False,False,False,False,False,False,False,False,False,False,False
19,07:19 PM,1,Monday,1,January,32,122111,0.8797533674627207,3.606312730456974,0,False,False,False,False,False,False,False,False,False,True,False,False,False
2,02:50 AM,7,Sunday,12,December,85,73,1.023305614487676,5.832644650099119,0,False,False,False,False,False,False,False,False,False,False,False,True,False
22,10:28 PM,7,Sunday,8,August,45,964,1.3911399312542203,4.374372415737022,0,False,False,False,False,False,False,False,False,False,True,False,False,False
4,04:36 AM,2,Tuesday,8,August,44,1645,0.8518789333332459,3.808438689171576,0,False,False,False,False,False,False,False,False,True,False,False,False,False
19,07:49 PM,4,Thursday,11,November,80,61,0.5916426307298952,2.0881534822818573,0,False,False,False,False,False,False,False,False,False,False,False,False,False
10,10:10 AM,4,Thursday,5,May,79,145,0.8402074975385702,1.958685340544036,0,False,False,False,False,False,False,False,True,False,False,False,False,False
1,01:19 AM,1,Monday,2,February,53,129,0.4324754130283083,0.7178397931503169,0,False,False,False,False,False,False,False,False,False,False,False,True,False
16,04:07 PM,7,Sunday,6,June,37,42817,1.0661795290948852,3.011113375592293,0,False,False,False,False,False,False,False,False,False,False,True,False,False
3,03:00 AM,2,Tuesday,3,March,46,271,0.404372528958137,4.245204117951145,0,False,True,False,False,False,False,False,False,False,False,False,False,False
6,06:51 AM,3,Wednesday,1,January,54,129,0.837860827028568,3.795713883027763,0,False,True,False,False,False,False,False,False,False,False,False,False,False
16,04:59 PM,1,Monday,1,January,37,42817,0.9569303405708234,3.959478946584441,0,False,False,False,False,False,False,False,False,False,True,False,False,False
12,12:13 PM,2,Tuesday,9,September,31,151815,1.31442303388825,4.26955757977876,0,False,False,False,False,False,False,True,False,False,False,False,False,False
11,11:19 AM,6,Saturday,3,March,63,207,0.6458481821140345,1.2809338454620642,0,False,False,False,False,False,False,False,False,False,False,True,False,False
11,11:47 AM,1,Monday,7,July,64,207,0.8252840926929385,5.272024724593113,0,False,False,False,False,False,False,False,False,False,False,True,False,False
0,12:34 AM,5,Friday,5,May,79,493,0.7932973466897415,4.082103275799747,0,False,True,False,False,False,False,False,False,False,False,False,False,False
9,09:34 AM,7,Sunday,8,August,60,198,0.9015062177716768,2.316487998163037,0,False,False,False,False,False,False,False,False,False,False,True,False,False
9,09:07 AM,1,Monday,3,March,49,84106,0.0575715853959209,5.302657932646457,0,False,False,False,False,False,False,False,False,True,False,False,False,False
22,10:42 PM,4,Thursday,8,August,38,509,1.0843398626814358,1.88706964903238,0,False,False,False,False,False,False,False,False,False,False,False,True,False
12,12:01 PM,1,Monday,7,July,48,271,0.402958616725092,3.5986811861957877,0,False,False,False,False,True,False,False,False,False,False,False,False,False
22,10:49 PM,7,Sunday,12,December,45,14871,0.4761789905791665,2.704711299836696,0,False,False,False,False,False,True,False,False,False,False,False,False,False
5,05:45 AM,2,Tuesday,12,December,62,759,0.8980933379610422,2.028148247292285,0,False,False,False,False,False,False,False,False,False,False,True,False,False
16,04:12 PM,6,Saturday,11,November,44,1645,1.0198099474593354,4.01204931949527,0,False,False,False,False,False,False,True,False,False,False,False,False,False
2,02:20 AM,1,Monday,8,August,46,1745,0.9242054255629584,3.842458542042237,0,False,False,True,False,False,False,False,False,False,False,False,False,False
6,06:45 AM,1,Monday,11,November,83,1252,0.8369509876026225,1.7209792871670078,0,False,False,False,False,False,False,False,False,False,False,True,False,False
7,07:42 AM,1,Monday,7,July,52,4878,0.5400168477825525,4.651003602331263,0,False,False,False,False,False,False,False,False,False,False,False,False,False
23,11:43 PM,4,Thursday,12,December,69,3805,0.6316588106454369,5.177166164983887,0,False,False,False,False,False,True,False,False,False,False,False,False,False
13,01:03 PM,1,Monday,1,January,37,49,0.4144680665539826,4.195245147157833,0,True,False,False,False,False,False,False,False,False,False,False,False,False
13,01:59 PM,6,Saturday,11,November,65,602,0.5713344407280287,2.728506209669592,0,False,False,False,False,False,False,True,False,False,False,False,False,False
21,09:36 PM,3,Wednesday,6,June,45,105549,0.984380369191704,1.545432582458188,0,False,False,False,False,False,False,False,False,False,False,False,False,False
11,11:21 AM,3,Wednesday,4,April,34,27971,1.0451017002847138,2.7644305345383176,0,False,False,False,False,False,False,False,False,True,False,False,False,False
2,02:23 AM,2,Tuesday,7,July,77,761,0.8207434917500096,2.0781907597781832,0,False,False,False,False,False,False,False,False,False,False,True,False,False
6,06:22 AM,2,Tuesday,12,December,61,1241364,0.9565277205042192,4.225372824628505,0,False,False,False,True,False,False,False,False,False,False,False,False,False
1,01:12 AM,1,Monday,11,November,47,11256,0.8758433728498488,5.367843429196647,0,False,False,False,True,False,False,False,False,False,False,False,False,False
22,10:06 PM,6,Saturday,10,October,42,565,0.5848671934807047,4.354012888218683,0,False,False,False,False,False,False,False,False,False,True,False,False,False
20,08:31 PM,7,Sunday,6,June,36,50489,0.9924834977096612,3.3830334110344844,0,False,False,False,False,True,False,False,False,False,False,False,False,False
21,09:07 PM,1,Monday,1,January,44,14871,0.575623013039783,3.913621726791843,0,False,False,False,False,False,False,False,False,False,False,False,False,False
18,06:42 PM,2,Tuesday,8,August,63,207,0.9225692345602012,5.502196545680788,0,False,False,False,False,False,False,True,False,False,False,False,False,False
2,02:17 AM,6,Saturday,5,May,29,9772,0.9645608578068012,5.649713401532359,1,False,False,False,True,False,False,False,False,False,False,False,False,False
12,12:45 PM,5,Friday,9,September,79,493,1.0849666635625224,5.349580660485579,0,False,False,False,False,False,True,False,False,False,False,False,False,False
2,02:31 AM,6,Saturday,6,June,85,73,0.9370482995555784,1.3402504226184837,0,False,False,False,False,False,False,False,False,False,False,True,False,False
5,05:39 AM,1,Monday,9,September,53,1420,0.8958230593041424,1.128171090909654,0,False,False,False,False,False,False,False,False,False,False,True,False,False
14,02:06 PM,3,Wednesday,7,July,35,85,1.0208333431883008,3.5533460588187404,0,False,False,False,False,False,True,False,False,False,False,False,False,False
7,07:58 AM,7,Sunday,8,August,80,145,0.8474231204504542,3.466048353981772,0,False,False,False,False,False,False,False,False,False,False,False,True,False
9,09:19 AM,1,Monday,9,September,75,4005,1.1858920949917853,1.691939133945844,0,False,False,False,False,False,False,False,False,True,False,False,False,False
0,12:15 AM,1,Monday,11,November,59,927396,1.0412174038081534,2.136530508663963,0,False,False,False,False,False,False,False,False,False,False,True,False,False
10,10:43 AM,4,Thursday,7,July,63,732,0.9488410083317416,4.285102653392156,0,False,True,False,False,False,False,False,False,False,False,False,False,False
11,11:25 AM,1,Monday,8,August,30,2368,0.703495831044512,3.5787855313168624,0,False,False,True,False,False,False,False,False,False,False,False,False,False
23,11:32 PM,1,Monday,9,September,32,832,0.9446898785935016,7.102820291923455,1,False,False,False,False,False,False,False,False,False,False,True,False,False
14,02:44 PM,2,Tuesday,7,July,90,1146,0.3239549380469519,2.018895041811802,0,True,False,False,False,False,False,False,False,False,False,False,False,False
20,08:24 PM,2,Tuesday,5,May,92,1063,1.0276322770456292,4.18783490530944,0,False,False,False,False,False,False,False,False,False,False,False,False,False
5,05:12 AM,6,Saturday,4,April,30,7268,0.4993351156337753,4.099000373758295,0,False,False,True,False,False,False,False,False,False,False,False,False,False
2,02:06 AM,3,Wednesday,12,December,84,73,0.9428433210666556,4.9896159268721805,0,False,False,False,True,False,False,False,False,False,False,False,False,False
9,09:20 AM,6,Saturday,5,May,63,1120,1.0961996736370632,4.861903240295856,0,False,False,False,True,False,False,False,False,False,False,False,False,False
11,11:26 AM,3,Wednesday,2,February,41,28278,0.9431371554259756,1.1939224684724346,0,False,False,False,False,False,False,False,True,False,False,False,False,False
10,10:41 AM,2,Tuesday,6,June,68,1139,0.8529722134055738,2.110213200346589,0,False,False,False,False,False,False,False,True,False,False,False,False,False
22,10:09 PM,1,Monday,6,June,41,310,0.8365171771099497,3.9441028988915576,0,False,False,False,False,False,False,True,False,False,False,False,False,False
21,09:45 PM,6,Saturday,9,September,57,258,0.8448152434852257,2.388762789235098,0,False,False,False,False,False,False,True,False,False,False,False,False,False
19,07:41 PM,2,Tuesday,3,March,52,206,0.5257567375222151,3.479392229247212,0,False,False,False,False,False,False,False,False,False,False,False,False,False
20,08:35 PM,2,Tuesday,8,August,39,1201,0.205927781100563,5.977289554926676,0,False,False,False,False,False,False,False,False,False,False,False,False,True
23,11:28 PM,4,Thursday,1,January,44,14871,0.690770953833471,1.118414915964289,0,False,False,False,False,False,False,False,False,False,True,False,False,False
15,03:05 PM,7,Sunday,10,October,31,606,0.568809182398631,4.892527205615926,0,False,False,False,False,False,False,False,False,False,False,True,False,False
18,06:18 PM,6,Saturday,7,July,25,19408,0.1747748223515033,3.798854307322508,0,False,False,False,False,False,True,False,False,False,False,False,False,False
17,05:08 PM,4,Thursday,4,April,37,1312922,0.6767424592930432,4.086648355587631,0,False,False,False,False,False,True,False,False,False,False,False,False,False
13,01:51 PM,7,Sunday,3,March,46,54287,0.6488954361451488,4.308918162853243,0,True,False,False,False,False,False,False,False,False,False,False,False,False
22,10:00 PM,2,Tuesday,1,January,51,899,0.2791680619017863,3.108614430610664,0,False,False,False,False,False,False,True,False,False,False,False,False,False
22,10:17 PM,4,Thursday,2,February,79,493,1.1281743229279746,4.334279676176148,0,False,False,False,False,False,False,False,False,False,True,False,False,False
3,03:32 AM,1,Monday,11,November,45,100,1.1839385223295962,3.849083205654272,0,False,True,False,False,False,False,False,False,False,False,False,False,False
18,06:56 PM,7,Sunday,10,October,70,331,0.9929068318049796,3.900557527318868,0,False,False,False,False,False,False,False,False,False,True,False,False,False
17,05:49 PM,4,Thursday,8,August,91,1063,1.3598410806579584,3.4766140209469096,0,False,False,False,False,False,True,False,False,False,False,False,False,False
18,06:48 PM,7,Sunday,10,October,78,60,0.4148377662858133,1.1249295969854831,0,True,False,False,False,False,False,False,False,False,False,False,False,False
16,04:52 PM,7,Sunday,8,August,48,34882,0.8369955472402476,4.432125465974346,0,False,False,False,False,False,True,False,False,False,False,False,False,False
0,12:08 AM,1,Monday,12,December,49,84106,0.6431291671103072,4.188593573125209,0,False,False,False,False,False,False,False,False,True,False,False,False,False
23,11:41 PM,1,Monday,9,September,34,760,0.7661349143571182,1.175573329804238,0,False,False,False,False,False,False,False,False,False,False,True,False,False
3,03:07 AM,7,Sunday,4,April,30,1661,1.346159653711987,4.933322190993586,0,False,False,False,True,False,False,False,False,False,False,False,False,False
15,03:59 PM,2,Tuesday,6,June,35,299480,0.1761159004576339,5.626361327687616,0,False,False,False,False,False,False,False,False,False,False,True,False,False
21,09:52 PM,6,Saturday,5,May,90,217,1.0653367676232657,4.22053658745986,0,False,False,False,False,False,True,False,False,False,False,False,False,False
17,05:33 PM,2,Tuesday,3,March,44,1645,0.2848155300137229,6.09625239882511,0,False,False,False,False,False,False,False,False,False,False,False,False,True
4,04:23 AM,6,Saturday,9,September,36,27971,0.60572720085612,2.4561641809223462,0,False,False,False,False,False,False,False,True,False,False,False,False,False
10,10:19 AM,7,Sunday,3,March,44,100,0.3348707313128504,4.308380094505583,0,False,False,False,True,False,False,False,False,False,False,False,False,False
14,02:49 PM,7,Sunday,3,March,68,467,1.2112190226816906,2.0681277817795625,0,False,False,False,False,False,False,False,False,False,False,False,False,True
10,10:25 AM,1,Monday,11,November,83,1252,0.9083774832045302,1.501852701754163,0,False,False,False,False,False,False,False,False,False,False,True,False,False
10,10:08 AM,7,Sunday,5,May,18,92608,0.8897802985484787,3.2347491740244907,0,False,False,True,False,False,False,False,False,False,False,False,False,False
23,11:32 PM,3,Wednesday,8,August,48,34882,0.6289294458617773,4.060270581888349,0,False,False,False,False,False,True,False,False,False,False,False,False,False
14,02:21 PM,6,Saturday,6,June,38,1312922,0.9506178069639766,4.061476958596484,0,False,False,False,False,False,False,False,False,False,False,False,False,False
17,05:28 PM,5,Friday,5,May,64,4677,0.8095211825863547,3.893247850101812,0,False,False,False,False,False,False,True,False,False,False,False,False,False
21,09:25 PM,7,Sunday,11,November,80,145,1.195592733377465,3.200711854240529,0,True,False,False,False,False,False,False,False,False,False,False,False,False
3,03:01 AM,2,Tuesday,10,October,61,198,0.3306256230496916,5.31664832323276,0,False,False,False,True,False,False,False,False,False,False,False,False,False
13,01:57 PM,7,Sunday,12,December,25,917,0.6475282130841921,2.567254391136754,0,False,False,False,False,False,False,True,False,False,False,False,False,False
14,02:15 PM,3,Wednesday,5,May,60,198,0.4540080617544169,3.050220458838061,0,False,False,False,False,False,False,True,False,False,False,False,False,False
16,04:24 PM,4,Thursday,12,December,48,18408,0.4830069348953481,1.589235205116581,0,False,False,False,False,False,False,False,False,False,False,False,True,False
18,06:27 PM,4,Thursday,7,July,24,518429,0.6403006099677004,2.039920783517553,0,False,False,False,False,False,False,False,False,False,False,False,True,False
17,05:22 PM,7,Sunday,10,October,30,5662,1.0602894275451422,3.931041011263908,0,False,False,False,False,False,False,False,False,False,False,True,False,False
20,08:02 PM,5,Friday,2,February,80,61,0.8038130433440391,2.9590682891824,0,False,False,False,False,True,False,False,False,False,False,False,False,False
11,11:36 AM,6,Saturday,6,June,32,46,0.7602561970079562,4.670957926526095,0,False,False,False,True,False,False,False,False,False,False,False,False,False
22,10:43 PM,5,Friday,4,April,60,308,1.0279657750572295,2.105352923464337,0,True,False,False,False,False,False,False,False,False,False,False,False,False
16,04:49 PM,2,Tuesday,6,June,48,271,0.1967422850558558,3.2144661163795005,0,False,False,False,False,False,False,False,False,False,True,False,False,False
23,11:49 PM,7,Sunday,7,July,28,107941,0.2061373874725317,4.569128414640826,0,False,False,False,False,False,False,False,False,False,True,False,False,False
13,01:35 PM,1,Monday,3,March,45,1745,0.357613844108418,1.8341801851120072,0,False,False,False,False,False,True,False,False,False,False,False,False,False
3,03:39 AM,3,Wednesday,9,September,43,1302,0.8265375648874032,4.635796379529852,0,False,False,False,True,False,False,False,False,False,False,False,False,False
18,06:43 PM,2,Tuesday,8,August,38,3684,0.9809905474187806,3.718680945350726,0,False,False,False,False,False,False,True,False,False,False,False,False,False
16,04:03 PM,6,Saturday,1,January,31,151815,0.8300216362336671,1.085189268335969,0,False,False,False,False,False,False,False,False,False,False,False,False,False
10,10:05 AM,3,Wednesday,6,June,46,11256,0.5594318757471711,5.592515662227615,0,False,False,False,False,False,False,False,False,True,False,False,False,False
15,03:38 PM,1,Monday,8,August,45,320420,0.7436574626405609,4.032646447751885,0,False,False,False,False,False,False,True,False,False,False,False,False,False
2,02:03 AM,6,Saturday,5,May,61,198,0.9684122334073412,0.7929925155296614,0,False,False,False,False,False,False,False,False,True,False,False,False,False
19,07:05 PM,4,Thursday,1,January,27,1490,1.0362825365285189,6.166215855071768,0,False,False,False,False,False,False,False,False,True,False,False,False,False
1,01:27 AM,3,Wednesday,4,April,56,191096,1.0273304899967646,6.15047482849259,0,False,False,False,False,False,False,False,False,False,False,False,True,False
23,11:51 PM,7,Sunday,9,September,28,107941,0.644146114347512,5.125153747538848,0,False,False,False,False,False,True,False,False,False,False,False,False,False
6,06:49 AM,1,Monday,9,September,44,964,1.0486419581201178,4.895149617488555,0,False,False,False,False,False,False,False,False,False,False,False,True,False
15,03:45 PM,6,Saturday,1,January,76,60,0.8452992081133209,4.65946895939547,0,False,False,False,False,False,False,False,False,False,False,False,False,False
4,04:25 AM,1,Monday,6,June,18,92608,1.1230072595286271,4.423168578005057,0,False,False,False,True,False,False,False,False,False,False,False,False,False
2,02:12 AM,6,Saturday,11,November,53,519,0.7134165476332873,3.9604321446358335,0,False,False,True,False,False,False,False,False,False,False,False,False,False
0,12:43 AM,1,Monday,12,December,27,42384,0.5150915330162159,5.278216694841034,0,False,False,False,True,False,False,False,False,False,False,False,False,False
8,08:48 AM,5,Friday,1,January,57,4154,1.2806294606325432,2.355177543113216,0,False,False,False,False,False,False,False,False,False,False,False,True,False
21,09:47 PM,7,Sunday,7,July,68,1139,0.8712479045461183,2.717340248009303,0,False,False,False,False,False,False,False,False,False,False,False,False,False
23,11:50 PM,3,Wednesday,9,September,65,337,0.7889320154233896,4.338858139272503,0,False,False,False,False,False,False,True,False,False,False,False,False,False
5,05:37 AM,4,Thursday,9,September,51,92337,0.7001908546960633,4.435448911169876,0,False,False,False,True,False,False,False,False,False,False,False,False,False
17,05:01 PM,1,Monday,8,August,48,18408,1.225710598174375,2.0228711901914416,0,False,False,False,False,False,False,False,False,False,False,False,True,False
2,02:17 AM,6,Saturday,4,April,31,2872,0.5710361127091711,4.366405253770925,0,False,True,False,False,False,False,False,False,False,False,False,False,False
18,06:23 PM,7,Sunday,2,February,33,94014,0.2774345485929916,4.238444906195857,0,False,False,False,False,False,False,True,False,False,False,False,False,False
9,09:07 AM,5,Friday,6,June,53,233717,0.933161372801072,5.133147868571648,0,False,False,False,True,False,False,False,False,False,False,False,False,False
5,05:34 AM,2,Tuesday,12,December,32,35371,0.164034384557024,5.284066300778177,0,False,False,False,True,False,False,False,False,False,False,False,False,False
12,12:05 PM,2,Tuesday,7,July,90,217,0.5975169942420022,2.633326654906273,0,False,False,False,False,True,False,False,False,False,False,False,False,False
9,09:35 AM,5,Friday,8,August,65,4677,0.5002694599163489,0.8372475245337022,0,False,False,False,False,False,False,False,False,False,False,False,False,False
17,05:35 PM,4,Thursday,4,April,47,34882,0.740530420426466,4.589244035437832,0,False,False,False,False,False,True,False,False,False,False,False,False,False
21,09:45 PM,2,Tuesday,9,September,43,1302,0.976939919225337,4.344843843546165,0,False,False,False,False,True,False,False,False,False,False,False,False,False
22,10:16 PM,2,Tuesday,11,November,90,276,0.524050859918187,2.9826470340053355,0,False,False,False,False,False,False,False,False,False,True,False,False,False
21,09:55 PM,1,Monday,11,November,46,635,0.5186595960020434,3.752792779857589,0,False,False,False,False,False,False,True,False,False,False,False,False,False
6,06:05 AM,6,Saturday,4,April,59,927396,0.9756846095050374,4.258869811047899,0,False,True,False,False,False,False,False,False,False,False,False,False,False
23,11:13 PM,6,Saturday,12,December,46,14871,0.5775730144535821,2.7985001040242823,0,False,False,False,False,True,False,False,False,False,False,False,False,False
14,02:41 PM,2,Tuesday,4,April,60,1241364,0.9109139643907104,2.194999882314108,0,False,False,False,False,False,False,False,False,False,True,False,False,False
1,01:24 AM,1,Monday,8,August,33,46,0.2833055470335791,4.698205051955281,0,False,False,False,True,False,False,False,False,False,False,False,False,False
17,05:19 PM,3,Wednesday,2,February,49,45303,0.7723715639800599,2.1294214739848565,0,False,False,False,False,True,False,False,False,False,False,False,False,False
5,05:49 AM,1,Monday,6,June,58,628,0.1665572249198489,2.390595970316759,0,False,False,False,False,False,False,False,False,False,False,False,True,False
22,10:05 PM,5,Friday,10,October,30,2368,0.9748468595138484,2.677590993617501,0,False,False,False,False,False,False,True,False,False,False,False,False,False
7,07:05 AM,7,Sunday,6,June,69,3805,1.151048091176044,4.309187088496924,0,True,False,False,False,False,False,False,False,False,False,False,False,False
3,03:42 AM,1,Monday,2,February,22,121,0.9543384488995535,5.658819975621094,1,False,False,False,True,False,False,False,False,False,False,False,False,False
20,08:37 PM,7,Sunday,8,August,44,320420,0.9133874491495956,1.5686159179138452,0,False,False,False,False,False,False,False,False,False,False,True,False,False
22,10:04 PM,1,Monday,9,September,38,1312922,1.1600835927707942,2.7166795278002644,0,False,False,False,False,False,False,True,False,False,False,False,False,False
7,07:04 AM,3,Wednesday,8,August,47,18408,0.4731189234822501,3.475995591737341,0,False,False,True,False,False,False,False,False,False,False,False,False,False
23,11:36 PM,7,Sunday,8,August,41,565,1.1351025595742448,4.294969802105708,0,False,False,False,False,False,False,False,False,False,False,False,False,False
3,03:02 AM,6,Saturday,2,February,48,84106,0.1887545025370269,1.8325814637483104,0,False,False,False,False,False,False,False,False,True,False,False,False,False
3,03:35 AM,1,Monday,4,April,55,171170,0.6506725840428469,1.908059924924216,0,False,False,False,False,False,False,False,False,False,False,False,True,False
1,01:01 AM,4,Thursday,2,February,20,1312922,0.509173240209068,4.263946679941392,0,False,True,False,False,False,False,False,False,False,False,False,False,False
1,01:13 AM,5,Friday,11,November,76,761,0.0913704889885104,2.341805806147327,0,False,False,False,False,False,False,False,True,False,False,False,False,False
2,02:11 AM,7,Sunday,5,May,69,1139,0.9971090178571264,3.652734007477583,0,False,True,False,False,False,False,False,False,False,False,False,False,False
7,07:42 AM,6,Saturday,12,December,69,1139,0.8260640192727031,2.1400661634962708,0,False,False,False,False,False,False,False,False,True,False,False,False,False
17,05:53 PM,1,Monday,1,January,30,7268,0.7531061708982232,4.37449836825309,0,False,False,False,False,False,True,False,False,False,False,False,False,False
23,11:19 PM,6,Saturday,6,June,30,2368,0.7668487140662019,4.645544080126364,0,False,False,False,False,False,True,False,False,False,False,False,False,False
17,05:03 PM,2,Tuesday,11,November,31,151815,1.1628388805204264,5.271048939393843,0,False,False,False,False,True,False,False,False,False,False,False,False,False
23,11:48 PM,7,Sunday,12,December,36,27971,0.7877566985237373,5.221868194384631,0,False,False,False,False,False,False,False,False,False,False,True,False,False
15,03:44 PM,7,Sunday,1,January,31,46,1.3971731257829123,0.9400072584914712,0,False,False,False,False,False,False,False,False,False,False,False,True,False
17,05:42 PM,6,Saturday,5,May,59,1241364,1.1699167958525978,3.686626919060642,0,False,False,False,False,False,False,True,False,False,False,False,False,False
20,08:16 PM,1,Monday,4,April,45,105549,1.0130623804573915,4.445939960417534,0,False,False,False,False,False,False,False,False,False,False,False,False,False
17,05:44 PM,5,Friday,3,March,29,104,0.1418703863743234,1.5539252025038417,0,False,False,False,False,False,False,True,False,False,False,False,False,False
5,05:49 AM,4,Thursday,4,April,40,310,1.0369518863997442,4.9247142315886165,0,False,False,False,True,False,False,False,False,False,False,False,False,False
0,12:19 AM,7,Sunday,3,March,52,206,0.7790882686422672,2.2289385528257477,0,False,False,False,False,False,False,False,False,False,False,True,False,False
22,10:25 PM,6,Saturday,10,October,62,732,0.6449334332689011,6.6454550124667335,1,False,False,False,False,False,False,False,False,False,False,False,True,False
14,02:27 PM,4,Thursday,10,October,51,9587,1.1345067517084266,2.0980179272527715,0,False,False,False,False,False,False,False,False,False,True,False,False,False
8,08:24 AM,7,Sunday,4,April,63,759,0.4001768602230721,0.7839015438284094,0,False,False,False,False,False,False,False,True,False,False,False,False,False
21,09:21 PM,6,Saturday,5,May,37,1312922,0.8264677660169275,1.601405740736836,0,False,False,False,False,False,False,False,False,False,False,False,False,True
15,03:31 PM,6,Saturday,12,December,48,34882,1.283280131524289,2.262804222982201,0,False,False,False,False,False,False,False,False,False,False,False,True,False
7,07:11 AM,3,Wednesday,3,March,39,13983,0.9879539663223168,5.500564092149261,0,False,False,False,True,False,False,False,False,False,False,False,False,False
14,02:19 PM,6,Saturday,3,March,33,760,0.8517138202765006,2.2607208888953467,0,False,False,False,False,False,False,False,False,False,False,False,True,False
0,12:57 AM,6,Saturday,2,February,60,2383912,0.660920819573715,4.166355098198373,0,False,False,False,True,False,False,False,False,False,False,False,False,False
15,03:20 PM,5,Friday,12,December,48,54287,0.3333096185500813,3.540089380528774,0,False,False,False,False,False,False,True,False,False,False,False,False,False
20,08:31 PM,1,Monday,6,June,64,35705,0.4755797779016727,3.633366744183677,0,False,False,False,False,True,False,False,False,False,False,False,False,False
1,01:26 AM,1,Monday,12,December,35,50489,0.553461221038117,4.128262780425561,0,False,True,False,False,False,False,False,False,False,False,False,False,False
23,11:03 PM,3,Wednesday,2,February,30,1847,0.1550321528070855,4.345492309945908,0,False,False,False,False,False,True,False,False,False,False,False,False,False
9,09:48 AM,1,Monday,6,June,52,471,0.1909520798970201,5.287711320760812,0,False,False,False,False,False,False,False,False,True,False,False,False,False
21,09:22 PM,5,Friday,7,July,51,9587,0.7527698206822536,2.365559892155434,0,False,False,False,False,True,False,False,False,False,False,False,False,False
9,09:49 AM,2,Tuesday,11,November,84,17047,0.8209338093756388,4.214642950244135,0,False,True,False,False,False,False,False,False,False,False,False,False,False
19,07:10 PM,3,Wednesday,2,February,37,1789,0.9632092562704168,2.0706530356467567,0,False,False,False,False,False,False,False,False,False,False,False,True,False
4,04:47 AM,7,Sunday,6,June,45,105549,1.3198990008974147,5.283051432877604,0,False,False,False,False,False,False,False,True,False,False,False,False,False
22,10:15 PM,5,Friday,10,October,32,545147,0.6989001827907924,5.457881936219375,0,False,False,False,False,False,False,False,False,False,False,False,True,False
18,06:51 PM,3,Wednesday,6,June,83,1252,0.906136408519718,4.68314922730468,0,False,False,False,False,False,False,False,False,False,True,False,False,False
13,01:10 PM,1,Monday,5,May,69,467,0.4402740234001971,2.1838015570040787,0,False,False,False,False,False,True,False,False,False,False,False,False,False
14,02:17 PM,6,Saturday,11,November,69,331,0.5950479233650044,4.359908829420263,0,False,False,False,False,False,False,False,False,False,False,False,False,False
23,11:45 PM,7,Sunday,9,September,35,50489,0.7343912250633198,3.695358420211645,0,False,False,False,False,False,True,False,False,False,False,False,False,False
18,06:09 PM,6,Saturday,2,February,27,525713,0.7799781572486402,1.2584609896100056,0,False,False,False,False,False,False,False,False,False,False,False,True,False
6,06:49 AM,4,Thursday,10,October,39,1201,0.6295692082471991,4.834375328680896,0,False,False,False,False,False,False,False,False,False,False,False,True,False
18,06:50 PM,4,Thursday,8,August,42,149,1.1000116211067934,2.089391872533004,0,False,False,False,False,False,False,False,False,False,False,True,False,False
20,08:36 PM,7,Sunday,3,March,66,1631,1.1529485597146092,2.8814431271518632,0,False,False,False,False,False,False,True,False,False,False,False,False,False
15,03:53 PM,7,Sunday,7,July,52,1725,0.0974636737918298,2.1114245875328868,0,False,False,False,False,False,False,False,False,False,False,False,False,True
10,10:17 AM,4,Thursday,11,November,20,895,0.5918272137372502,3.6402142821326553,0,False,False,False,True,False,False,False,False,False,False,False,False,False
10,10:06 AM,2,Tuesday,4,April,45,2202,1.1148182567400853,4.594715728084233,0,False,False,False,True,False,False,False,False,False,False,False,False,False
23,11:34 PM,1,Monday,5,May,45,100,0.7848191670550692,1.840549633397487,0,False,False,False,False,True,False,False,False,False,False,False,False,False
18,06:03 PM,2,Tuesday,6,June,26,641,0.6458905545500695,5.677096209393695,1,False,False,False,True,False,False,False,False,False,False,False,False,False
16,04:56 PM,6,Saturday,9,September,39,49,0.7734542820005625,4.061993532004442,0,True,False,False,False,False,False,False,False,False,False,False,False,False
7,07:12 AM,4,Thursday,7,July,61,308,0.878578412846573,3.840956556994286,0,False,True,False,False,False,False,False,False,False,False,False,False,False
10,10:43 AM,1,Monday,7,July,55,191096,0.8630569129698171,1.4060969884160703,0,False,False,False,False,False,False,False,False,False,False,False,True,False
14,02:36 PM,7,Sunday,7,July,85,73,1.1323777861601665,2.3664984187376983,0,False,False,False,False,True,False,False,False,False,False,False,False,False
0,12:43 AM,2,Tuesday,3,March,33,1530,0.7026399838530364,6.874022678550632,1,False,False,False,False,False,False,False,False,False,False,False,True,False
4,04:10 AM,1,Monday,11,November,56,191096,1.0524196274077184,4.935121205619039,0,False,False,False,False,False,False,False,False,False,False,False,False,False
1,01:26 AM,1,Monday,5,May,29,9772,0.7334856162134344,3.8091039514203047,0,False,False,False,True,False,False,False,False,False,False,False,False,False
17,05:18 PM,5,Friday,7,July,46,105549,0.8794751370044469,3.977997994351679,0,True,False,False,False,False,False,False,False,False,False,False,False,False
7,07:43 AM,2,Tuesday,2,February,61,759,0.4073295453425857,4.819474788635096,0,False,False,False,True,False,False,False,False,False,False,False,False,False
10,10:42 AM,6,Saturday,4,April,62,1120,0.3128406207160412,1.128171090909654,0,False,False,False,False,False,False,False,False,False,False,True,False,False
5,05:12 AM,4,Thursday,12,December,47,54287,0.7667240246718517,4.619566066271823,0,False,False,False,False,False,False,False,False,True,False,False,False,False
11,11:31 AM,6,Saturday,12,December,38,1312922,0.8814868868321459,5.2832037287379885,0,False,False,False,True,False,False,False,False,False,False,False,False,False
12,12:41 PM,5,Friday,10,October,45,320420,0.9158315059360004,3.2928695047765277,0,False,False,False,False,False,False,False,False,False,False,False,False,False
21,09:58 PM,4,Thursday,2,February,32,2872,0.6069238023747295,0.9555114450274363,0,False,False,False,False,False,False,False,False,False,False,False,False,True
4,04:22 AM,1,Monday,12,December,69,331,0.5561287000542212,2.3115448343655176,0,False,False,False,False,False,False,False,False,False,False,True,False,False
8,08:07 AM,7,Sunday,12,December,46,105549,0.7929522385616886,0.7227059828014898,0,False,False,False,False,False,False,False,True,False,False,False,False,False
23,11:19 PM,4,Thursday,3,March,68,1517,0.8971235626077422,3.663048694079415,0,False,False,False,False,False,False,False,False,False,False,False,False,False
12,12:22 PM,3,Wednesday,4,April,35,277,0.8577526455249213,4.198854716425088,0,False,False,False,False,False,False,False,False,False,False,False,False,False
4,04:47 AM,6,Saturday,3,March,52,614,0.9016078446952298,4.477677665472815,0,False,True,False,False,False,False,False,False,False,False,False,False,False
1,01:00 AM,5,Friday,1,January,77,60,1.027735408737579,1.9712993830601329,0,False,False,False,False,False,False,False,False,False,False,True,False,False
13,01:58 PM,5,Friday,1,January,60,198,0.3935365273033752,3.4550540544528663,0,False,False,False,False,True,False,False,False,False,False,False,False,False
13,01:53 PM,2,Tuesday,12,December,21,895,0.6184351859435323,1.8809906029559973,0,True,False,False,False,False,False,False,False,False,False,False,False,False
13,01:23 PM,1,Monday,9,September,61,308,0.4754996524467716,3.6555811687124216,0,False,False,False,False,False,False,False,False,False,False,False,False,False
17,05:45 PM,7,Sunday,3,March,46,635,0.7395394608565533,4.520265678897648,0,False,False,False,False,False,True,False,False,False,False,False,False,False
8,08:50 AM,6,Saturday,8,August,84,17047,0.6704480088552756,4.390862483336281,0,False,True,False,False,False,False,False,False,False,False,False,False,False
15,03:29 PM,7,Sunday,7,July,34,760,1.1527562746435196,5.220247711126114,0,False,False,False,False,False,False,False,False,False,False,True,False,False
23,11:03 PM,6,Saturday,11,November,37,3684,0.8740073411419318,2.87919845729804,0,False,False,False,False,False,False,False,False,False,False,False,True,False
15,03:39 PM,4,Thursday,4,April,62,260,1.017019419647436,3.744550651484397,0,False,False,False,False,False,True,False,False,False,False,False,False,False
3,03:10 AM,7,Sunday,7,July,59,927396,0.9158879531613036,4.281100716083921,0,False,True,False,False,False,False,False,False,False,False,False,False,False
18,06:12 PM,2,Tuesday,8,August,60,927396,0.7477201510197528,4.021415382199343,0,False,False,False,False,False,False,False,False,False,True,False,False,False
13,01:32 PM,6,Saturday,4,April,57,258,0.8268863813051961,3.3894621254437345,0,False,False,False,False,False,True,False,False,False,False,False,False,False
22,10:47 PM,6,Saturday,8,August,20,1312922,0.4865712540070563,2.066862759472976,0,False,False,False,False,False,False,False,False,True,False,False,False,False
12,12:53 PM,5,Friday,6,June,63,759,0.8543615625465564,5.117754262768945,0,False,False,False,False,False,False,True,False,False,False,False,False,False
22,10:12 PM,3,Wednesday,7,July,33,122111,0.8147257247098576,1.3711807233098423,0,False,False,False,False,False,False,False,False,False,True,False,False,False
7,07:26 AM,5,Friday,2,February,45,14871,0.1933916041326521,5.458052424669195,0,False,False,False,True,False,False,False,False,False,False,False,False,False
18,06:04 PM,1,Monday,2,February,46,54287,0.8937526041416654,3.344979701663927,0,False,False,False,False,False,False,False,False,False,True,False,False,False
5,05:20 AM,7,Sunday,5,May,42,1302,0.7087641583954423,4.662495252607361,0,False,False,False,False,False,False,False,False,False,False,True,False,False
23,11:26 PM,5,Friday,8,August,38,1789,1.0213355852069308,4.853357507741733,1,True,False,False,False,False,False,False,False,False,False,False,False,False
22,10:16 PM,2,Tuesday,9,September,57,171170,0.9012418555465624,3.2534704696327,0,False,False,False,False,True,False,False,False,False,False,False,False,False
23,11:15 PM,7,Sunday,12,December,38,42817,0.456072117553794,5.43790538075509,0,False,False,False,False,False,False,True,False,False,False,False,False,False
6,06:48 AM,2,Tuesday,5,May,32,2872,0.2227254264986422,4.248209486939542,0,False,False,True,False,False,False,False,False,False,False,False,False,False
17,05:39 PM,7,Sunday,12,December,75,589,0.0998464177074081,2.052840859882657,0,False,False,False,False,True,False,False,False,False,False,False,False,False
16,04:10 PM,4,Thursday,12,December,29,302,0.6772220838100275,4.8060681283549815,0,False,False,False,False,False,True,False,False,False,False,False,False,False
17,05:21 PM,7,Sunday,12,December,48,54287,0.726969034202968,5.649748586163716,0,False,False,False,False,False,False,False,False,False,False,False,False,False
13,01:37 PM,1,Monday,6,June,32,2872,0.7070327521586173,3.9889840465642745,0,True,False,False,False,False,False,False,False,False,False,False,False,False
20,08:09 PM,5,Friday,12,December,36,50489,0.7020027328294379,3.3068867021909143,0,False,False,False,False,False,False,False,False,True,False,False,False,False
0,12:40 AM,4,Thursday,8,August,34,35439,0.5827078701999793,4.639764830752591,0,False,True,False,False,False,False,False,False,False,False,False,False,False
8,08:17 AM,1,Monday,3,March,61,198,1.1942333299929286,5.2526921885217615,0,False,False,False,True,False,False,False,False,False,False,False,False,False
22,10:00 PM,1,Monday,11,November,36,85,0.8299843814397889,2.033397603178429,0,False,False,False,False,False,False,True,False,False,False,False,False,False
7,07:44 AM,6,Saturday,6,June,64,337,0.8153448475951826,1.1474024528375415,0,False,False,False,False,False,False,False,False,True,False,False,False,False
4,04:16 AM,6,Saturday,8,August,32,46,0.5617422454133305,4.698478363121743,0,False,False,False,True,False,False,False,False,False,False,False,False,False
3,03:11 AM,3,Wednesday,11,November,42,149,0.4855105413829887,4.572026967394837,0,False,False,False,True,False,False,False,False,False,False,False,False,False
6,06:53 AM,7,Sunday,9,September,40,757530,0.9112411606183074,4.145354483129846,0,False,False,False,True,False,False,False,False,False,False,False,False,False
23,11:10 PM,1,Monday,7,July,34,94014,0.4297902531886883,5.454166603010877,0,False,False,False,False,False,False,False,False,False,False,True,False,False
7,07:11 AM,5,Friday,11,November,38,1789,1.0507350899061083,4.619467490688916,0,False,False,False,True,False,False,False,False,False,False,False,False,False
12,12:17 PM,2,Tuesday,9,September,32,832,0.9461711059914034,5.716501247063976,1,False,False,False,True,False,False,False,False,False,False,False,False,False
2,02:49 AM,5,Friday,4,April,85,73,0.5633318049782012,5.072733339694467,0,False,False,False,False,False,False,False,False,True,False,False,False,False
18,06:21 PM,2,Tuesday,12,December,39,1201,0.946260349020823,3.9110225050945626,0,False,False,False,False,False,False,True,False,False,False,False,False,False
7,07:19 AM,6,Saturday,6,June,53,129,0.3195281372414542,4.846860674588879,0,False,False,False,True,False,False,False,False,False,False,False,False,False
11,11:37 AM,7,Sunday,6,June,83,1288,0.3164382645840981,1.4701758451005928,0,False,False,False,False,False,False,False,False,False,False,True,False,False
16,04:16 PM,1,Monday,12,December,48,34882,0.8399349847011924,4.016022595446631,0,True,False,False,False,False,False,False,False,False,False,False,False,False
1,01:07 AM,6,Saturday,2,February,44,14871,0.8453159326855186,5.280102478127132,0,False,False,False,True,False,False,False,False,False,False,False,False,False
22,10:04 PM,7,Sunday,3,March,60,1241364,0.0752634737771223,4.165889729385197,0,False,False,False,False,False,False,True,False,False,False,False,False,False
6,06:56 AM,3,Wednesday,12,December,34,35439,0.92459844324442,4.2601414466837575,0,False,False,True,False,False,False,False,False,False,False,False,False,False
0,12:14 AM,5,Friday,7,July,54,233717,0.6340104478863079,3.195811885269649,0,False,False,False,False,False,False,False,False,True,False,False,False,False
17,05:07 PM,4,Thursday,4,April,49,710,0.7255347988242875,3.971046345877607,0,False,False,False,False,False,False,True,False,False,False,False,False,False
8,08:01 AM,2,Tuesday,1,January,63,207,1.0637489255881725,4.056988775678332,0,False,True,False,False,False,False,False,False,False,False,False,False,False
7,07:44 AM,6,Saturday,2,February,64,207,0.7130386002601916,4.627420794922911,0,False,False,False,True,False,False,False,False,False,False,False,False,False
23,11:07 PM,7,Sunday,10,October,54,519,0.6609608943485248,4.258869811047899,0,False,False,False,False,False,False,True,False,False,False,False,False,False
22,10:07 PM,2,Tuesday,12,December,34,760,0.7519961917170808,3.7386215460087504,0,False,False,False,False,False,False,True,False,False,False,False,False,False
13,01:37 PM,1,Monday,10,October,69,467,0.9392479146088092,2.391511302188447,0,False,False,False,False,False,False,False,False,False,False,False,False,True
14,02:21 PM,2,Tuesday,12,December,29,1490,0.8521475236424579,3.581294243433999,0,False,False,False,False,False,False,True,False,False,False,False,False,False
6,06:36 AM,4,Thursday,11,November,69,3805,0.907897913309638,4.911919321157098,0,False,False,False,True,False,False,False,False,False,False,False,False,False
13,01:53 PM,5,Friday,12,December,37,1789,0.6487120042206732,1.8453002361560848,0,False,False,False,False,False,False,False,False,False,False,False,True,False
12,12:50 PM,4,Thursday,5,May,38,3684,1.1854553711759823,1.2325602611778486,0,False,False,False,False,False,False,False,False,False,False,True,False,False
18,06:20 PM,6,Saturday,10,October,48,18408,0.2965107247520775,4.960674444942484,0,False,False,False,False,False,False,False,False,False,False,False,True,False
10,10:38 AM,7,Sunday,3,March,68,1139,0.5853251253055853,1.742219023667919,0,False,False,False,False,False,False,False,True,False,False,False,False,False
14,02:42 PM,6,Saturday,11,November,34,35439,0.8562360905153358,3.5759906720353185,0,True,False,False,False,False,False,False,False,False,False,False,False,False
5,05:19 AM,6,Saturday,7,July,34,27971,0.7468436211604061,5.249757175932659,0,False,False,False,True,False,False,False,False,False,False,False,False,False
5,05:48 AM,7,Sunday,6,June,63,732,1.0769270242616251,4.322939892214555,0,False,True,False,False,False,False,False,False,False,False,False,False,False
17,05:34 PM,2,Tuesday,8,August,30,1661,0.085615568590066,3.0081547935525483,0,False,False,False,False,False,True,False,False,False,False,False,False,False
21,09:08 PM,7,Sunday,10,October,47,1749,0.7961900050772934,3.9027804240612136,0,False,False,False,False,False,False,True,False,False,False,False,False,False
3,03:35 AM,7,Sunday,12,December,81,61,1.156572566959807,1.8357763546448291,0,False,False,False,False,False,False,False,False,False,False,True,False,False
1,01:22 AM,2,Tuesday,8,August,26,19408,1.0209391318428251,3.9849016508407193,0,False,False,True,False,False,False,False,False,False,False,False,False,False
12,12:46 PM,7,Sunday,12,December,39,241,1.0381359774061416,2.5915163848462583,0,True,False,False,False,False,False,False,False,False,False,False,False,False
14,02:16 PM,6,Saturday,10,October,59,92043,0.4889022909181334,3.8567216896430567,0,False,False,False,False,False,True,False,False,False,False,False,False,False
1,01:22 AM,1,Monday,6,June,51,899,0.3729484615680836,1.742219023667919,0,False,False,False,False,False,False,False,False,False,False,True,False,False
2,02:44 AM,1,Monday,7,July,79,493,0.974276553059746,4.32267464022361,0,False,False,True,False,False,False,False,False,False,False,False,False,False
16,04:10 PM,5,Friday,1,January,38,509,0.6969450815358305,4.209308814022622,0,True,False,False,False,False,False,False,False,False,False,False,False,False
12,12:44 PM,2,Tuesday,9,September,47,635,0.9829124980108904,1.172482137234565,0,False,False,False,False,False,False,False,False,False,False,False,False,False
19,07:01 PM,6,Saturday,6,June,63,1120,1.127589162038194,3.5139306516493947,0,False,False,False,False,False,False,False,False,False,False,False,False,False
18,06:46 PM,2,Tuesday,1,January,73,589,1.1836293497822756,3.807772984054347,0,False,False,False,False,True,False,False,False,False,False,False,False,False
0,12:27 AM,4,Thursday,12,December,55,191096,0.5927010854739525,4.582208574350744,0,False,False,False,True,False,False,False,False,False,False,False,False,False
17,05:06 PM,3,Wednesday,4,April,46,54287,0.2797224404655495,4.218772140597153,0,False,False,False,False,False,False,False,False,False,True,False,False,False
5,05:10 AM,1,Monday,11,November,27,19408,0.8521606762606415,3.784189633918261,0,False,False,True,False,False,False,False,False,False,False,False,False,False
18,06:11 PM,4,Thursday,10,October,76,761,1.010270393119089,4.499142781342561,0,False,False,False,False,False,True,False,False,False,False,False,False,False
23,11:28 PM,2,Tuesday,5,May,30,2368,0.431842143553638,5.762680115903686,0,False,False,False,False,False,False,False,False,False,False,True,False,False
19,07:56 PM,1,Monday,8,August,65,602,0.8494159198537587,3.70499883599382,0,False,False,False,False,False,False,False,False,False,True,False,False,False
0,12:46 AM,2,Tuesday,1,January,27,42384,0.175379512044591,4.199755076629969,0,False,False,True,False,False,False,False,False,False,False,False,False,False
19,07:52 PM,1,Monday,3,March,43,320420,1.228803157631431,4.406353326664939,0,False,False,False,False,True,False,False,False,False,False,False,False,False
13,01:12 PM,7,Sunday,6,June,47,18408,0.536474918214267,3.112181086197238,0,False,False,False,False,False,True,False,False,False,False,False,False,False
15,03:08 PM,1,Monday,7,July,49,84106,0.9549435474189022,4.295787686556971,0,False,False,False,False,False,False,False,False,False,False,False,True,False
1,01:11 AM,6,Saturday,9,September,62,732,0.234820853028428,2.333114298028869,0,False,False,False,False,False,False,False,False,False,False,True,False,False
7,07:11 AM,1,Monday,3,March,26,525713,0.6698235744328488,2.115049969147204,0,False,False,False,False,False,False,False,True,False,False,False,False,False
8,08:06 AM,3,Wednesday,10,October,45,320420,0.5461200414560862,2.244955980157409,0,False,False,False,False,False,False,False,True,False,False,False,False,False
21,09:10 PM,6,Saturday,8,August,31,7268,0.5205366834527589,1.3532545070416904,0,True,False,False,False,False,False,False,False,False,False,False,False,False
12,12:32 PM,6,Saturday,6,June,57,258,0.96215057230404,4.630155438682,0,False,False,False,False,False,False,False,False,False,False,False,False,False
4,04:42 AM,6,Saturday,5,May,84,1288,0.3083634397995266,4.931303444814125,0,False,False,False,False,False,False,False,False,False,False,True,False,False
8,08:00 AM,4,Thursday,12,December,83,1288,0.4396737239920051,0.8458682675776092,0,False,False,False,False,False,False,False,False,False,False,True,False,False
20,08:40 PM,4,Thursday,5,May,60,1241364,1.0753974648905429,2.25758772706331,0,True,False,False,False,False,False,False,False,False,False,False,False,False
15,03:47 PM,6,Saturday,12,December,52,471,0.7441665135505625,2.6720775406433925,0,False,False,False,False,False,False,False,False,False,False,False,False,False
13,01:46 PM,1,Monday,3,March,22,973849,0.8113395640260611,1.62924053973028,0,False,False,False,False,False,False,False,False,False,False,False,False,True
18,06:41 PM,2,Tuesday,6,June,35,85,0.6275658055248126,2.0241930674493576,0,False,False,False,False,False,False,False,False,False,False,True,False,False
12,12:27 PM,4,Thursday,3,March,35,85,1.169702671885469,3.59950164296272,0,False,False,False,False,False,False,True,False,False,False,False,False,False
20,08:35 PM,6,Saturday,6,June,52,757530,0.5904825453897821,2.6166656393003573,0,False,False,False,False,False,False,False,False,False,True,False,False,False
8,08:15 AM,5,Friday,12,December,38,3684,0.9099925863884823,0.9707789171582248,0,False,False,False,False,False,False,False,True,False,False,False,False,False
14,02:24 PM,6,Saturday,7,July,33,94014,0.7068246772404011,3.012589390620414,0,True,False,False,False,False,False,False,False,False,False,False,False,False
