trans_date_trans_time,merchant,category,amt,city,state,lat,long,city_pop,job,dob,trans_num,merch_lat,merch_long,is_fraud
2019-01-01 00:00:44,"Heller, Gutmann and Zieme",grocery_pos,107.23,Orient,WA,48.8878,-118.2105,149,Special educational needs teacher,1978-06-21,1f76529f8574734946361c461b024d99,49.159047,-118.186462,0
2019-01-01 00:00:51,Lind-Buckridge,entertainment,220.11,Malad City,ID,42.1808,-112.262,4154,Nature conservation officer,1962-01-19,a1a22d70485983eac12b5b88dad1cf95,43.150704,-112.154481,0
2019-01-01 00:07:27,Kiehn Inc,grocery_pos,96.29,Grenada,CA,41.6125,-122.5258,589,Systems analyst,1945-12-21,413636e759663f264aae1819a4d4f231,41.65752,-122.230347,0
2019-01-01 00:09:03,Beier-Hyatt,shopping_pos,7.77,High Rolls Mountain Park,NM,32.9396,-105.8189,899,Naval architect,1967-08-30,8a6293af5ed278dea14448ded2685fea,32.863258,-106.520205,0
2019-01-01 00:21:32,Bruen-Yost,misc_pos,6.85,Freedom,WY,43.0172,-111.0292,471,"Education officer, museum",1967-08-02,f3c43d336e92a44fc2fb67058d5949e3,43.753735,-111.454923,0
2019-01-01 00:22:06,Kunze Inc,grocery_pos,90.22,Honokaa,HI,20.0827,-155.488,4878,Physiotherapist,1966-12-03,95826e3caa9e0b905294c6dae985aec1,19.560013,-156.045889,0
2019-01-01 00:22:18,"Nitzsche, Kessler and Wol",shopping_pos,4.02,Valentine,NE,42.8062,-100.6215,4005,Network engineer,1945-03-15,20490f3f0966ce74b4aaba8dc2c4ed52,42.47559,-101.265846,0
2019-01-01 00:22:36,"Kihn, Abernathy and Douglas",shopping_net,3.66,Westfir,OR,43.7575,-122.481,597,Forensic psychologist,1961-05-19,870c92b288a974a2faf1f24b05c27e33,44.278191,-121.815161,0
2019-01-01 00:31:51,Ledner-Pfannerstill,gas_transport,102.13,Thompson,UT,38.9999,-109.615,46,"Surveyor, minerals",1987-04-23,47238da5b40d126c8abea40a857c7809,39.807313,-109.348294,0
2019-01-01 00:34:10,Stracke-Lemke,grocery_pos,83.07,Conway,WA,48.34,-122.3456,85,"Research officer, political party",1984-09-01,9b7a0619dcc5c572dc134f2827ed5a6b,48.682111,-122.719904,0
2019-01-01 00:40:50,Cummerata-Jones,gas_transport,70.53,Athena,OR,45.8289,-118.4971,1302,Dealer,1976-10-18,7b91bd200c11c5cd24b43694e12b5bbc,46.043252,-117.962133,0
2019-01-01 00:41:45,Huel-Langworth,misc_net,177.57,Thompson,UT,38.9999,-109.615,46,"Surveyor, minerals",1987-04-23,048dc7fc7ae8efd51f59f7176e6a8bd7,38.419431,-109.380252,0
2019-01-01 00:46:18,"Ferry, Lynch and Kautze",misc_net,2.76,San Jose,CA,37.3304,-121.7913,973849,Science writer,1955-06-12,70ca7fe41f09770d724a027152dcb9f0,37.548452000000005,-121.536454,0
2019-01-01 00:49:25,"Little, Gutmann and Lynch",shopping_net,83.52,Ravenna,NE,41.0233,-98.9041,2202,"Solicitor, Scotland",1974-06-21,5f7aafc802c8acb5924041bca310040f,40.992141,-98.831582,0
2019-01-01 00:56:12,"Swaniawski, Lowe and Robel",shopping_pos,317.14,Parks,AZ,35.2563,-111.95,759,"Geologist, engineering",1957-03-28,3fe3286b0ea3f8c8857ec2e3da17b853,35.268124,-112.682895,0
2019-01-01 00:56:59,"Reichert, Huels and Hoppe",shopping_net,113.4,Fort Washakie,WY,43.0048,-108.8964,1645,Freight forwarder,1976-02-26,9d660a18154a3ba5fe869f373c6f819c,42.868965,-108.50335,0
2019-01-01 01:00:48,Howe Lt,misc_pos,218.71,Littleton,CO,39.5994,-105.0044,320420,Water engineer,1975-07-31,43204045928cb3449edc63078a75b48c,39.335171,-104.102882,0
2019-01-01 01:02:16,Wolf Inc,grocery_pos,89.11,Meadville,MO,39.7795,-93.3014,964,Tourist information centre manager,1974-12-23,1cb03ad950bab1ca74b02500644ec1ba,40.773306,-92.821257,0
2019-01-01 01:04:48,Vandervort-Funk,grocery_pos,50.68,Moab,UT,38.5677,-109.5271,9772,Location manager,1989-11-24,61861370b5c31b9c00fd949124944d7a,38.482541,-108.853856,0
2019-01-01 01:09:41,Ledner-Pfannerstill,gas_transport,90.54,Hawthorne,CA,33.9143,-118.3493,93193,"Editor, magazine features",1995-04-19,295b782f9fa48f76f508179ec6412f9d,32.990285,-117.836803,0
2019-01-01 01:19:02,"Schaefer, McGlynn and Bosco",gas_transport,51.33,Manville,WY,42.73,-104.7024,241,Educational psychologist,1980-12-16,a8af4c635415817aaeea5cbbe380e010,42.508248,-105.34481,0
2019-01-01 01:22:56,Fisher-Schowalte,shopping_net,226.33,June Lake,CA,37.7773,-119.0825,633,Health service manager,1927-09-09,208e003f309f9db37b3c40ddc9271908,36.819789,-119.670559,0
2019-01-01 01:23:00,Medhurst PLC,shopping_net,215.99,Sixes,OR,42.825,-124.4409,217,Retail merchandiser,1928-10-01,e13482d8e24ed41362ff84bb9f100623,42.988724,-123.904978,0
2019-01-01 01:23:17,Kerluke Inc,misc_net,1.47,Holstein,NE,40.4542,-98.6538,331,Telecommunications researcher,1950-08-19,6569a85a160476c677bf9a4c2da40cfd,41.14486,-99.38762,0
2019-01-01 01:23:50,Bauch-Rayno,grocery_pos,122.05,Westerville,NE,41.4193,-99.3844,73,Product designer,1935-02-10,d83aa7370cef2c7a209118f313d0b360,41.609064,-99.650276,0
2019-01-01 01:34:25,Hills-Olson,grocery_net,27.03,Ballwin,MO,38.577,-90.5255,92608,"Engineer, communications",2001-07-26,011f7fc2db063dc3f63219a76e052ace,38.984909,-90.842219,0
2019-01-01 01:36:06,Durgan-Aue,misc_net,23.8,Fields Landing,CA,40.7268,-124.2174,276,"Scientist, audiological",1929-05-06,98fec127a1545ec4dad787e5326bd374,40.110823,-124.429537,0
2019-01-01 01:41:39,Pacocha-Bauch,shopping_pos,2.1,Grenada,CA,41.6125,-122.5258,589,Systems analyst,1945-12-21,53fb041938a6e239a2e1679d27a7f9c2,41.096733,-122.623454,0
2019-01-01 01:50:31,"Reilly, Heaney and Cole",gas_transport,67.91,Fields Landing,CA,40.7268,-124.2174,276,"Scientist, audiological",1929-05-06,8e364131ffb75a95c9a04b304c9994e4,41.137569,-123.63216,0
2019-01-01 02:06:56,Bradtke PLC,grocery_pos,78.13,Louisiana,MO,39.4336,-91.0664,4593,"Teacher, early years/pre",1940-11-11,e46a01d459665d3466b3a2148eb80f4e,40.247129,-91.699005,0
2019-01-01 02:08:13,"Zieme, Bode and Dooley",gas_transport,52.67,Kansas City,MO,38.9621,-94.5959,545147,Counsellor,1987-11-18,29768857d3597be571bce4497a48c735,39.662816,-93.712244,0
2019-01-01 02:08:48,Hills-Witting,shopping_net,2.11,Mesa,ID,44.6255,-116.4493,129,Cartographer,1965-12-15,3749d51cb61d34bcaae08fcbee53fceb,44.710102,-117.229968,0
2019-01-01 02:12:07,"Bernhard, Grant and Langworth",shopping_pos,1.42,Westerville,NE,41.4193,-99.3844,73,Product designer,1935-02-10,0020b02e5638ee80c7176007e1b483fa,40.790587,-99.011834,0
2019-01-01 02:12:48,Lockman Lt,grocery_pos,104.08,Lonetree,WY,41.0552,-110.1603,49,Research scientist (physical sciences),1981-07-05,991f851c15545feaa5c0c90e264a66a3,41.677942,-110.829354,0
2019-01-01 02:13:16,Harber Inc,gas_transport,39.98,Centerview,MO,38.7897,-93.8702,2368,Electronics engineer,1989-07-17,f8ab97ed82e0669c50d3d8a60baf9c64,38.995701,-93.569356,0
2019-01-01 02:14:03,Bauch-Rayno,grocery_pos,192.82,Colorado Springs,CO,38.8881,-104.6556,525713,Museum/gallery exhibitions officer,1992-05-09,3dcdb9b61cc3770b9c8b78818173e6d6,39.299824,-103.854765,0
2019-01-01 02:20:48,"Kerluke, Kertzmann and Wiz",misc_net,6.37,Hawthorne,CA,33.9143,-118.3493,93193,"Editor, magazine features",1995-04-19,bcff0b6c116a2ed80b212aa3acb07195,34.108257,-117.549012,0
2019-01-01 02:21:43,"Johnston, Nikolaus and Maggio",grocery_net,41.01,Blairsden-Graeagle,CA,39.8127,-120.6405,1725,Chartered legal executive (England and Wales),1967-05-27,ff342d2dad68412cbc24eb27b2370291,39.949197,-119.792299,0
2019-01-01 02:26:16,Torp-Labadie,gas_transport,49.53,Freedom,WY,43.0172,-111.0292,471,"Education officer, museum",1967-08-02,c09831d3ebf12b67982f193d03162974,43.038723,-111.821595,0
2019-01-01 02:28:51,Doyle Lt,grocery_pos,157.07,Cardwell,MO,36.0434,-90.2907,1120,Television floor manager,1957-04-17,2718171b5be46962b081ee742ed3cd42,35.632995,-89.589641,0
2019-01-01 02:31:06,McDermott-Rice,misc_pos,13.67,Kansas City,MO,38.9621,-94.5959,545147,Counsellor,1987-11-18,49b8ff92b52599bc8c265d0b8d008593,38.058492,-94.687196,0
2019-01-01 02:32:26,Spinka Inc,grocery_net,57.57,Phoenix,AZ,33.5623,-112.0559,1312922,Contractor,1981-10-24,0bffbd021d632206028c981630007c12,32.635757,-112.19588600000002,0
2019-01-01 02:33:06,McGlynn-Jaskolski,misc_pos,99.08,Newhall,CA,34.3795,-118.523,34882,Health physicist,1971-04-25,56821cb1d8c2c3d57299cc01bfd2e071,34.370236,-118.195791,0
2019-01-01 02:37:26,Schmitt Lt,misc_net,29.19,Tomales,CA,38.2427,-122.9145,337,Occupational psychologist,1954-07-05,d51dc2a26160f1425df51982c6d05257,38.882246,-122.050228,0
2019-01-01 02:42:12,Donnelly PLC,misc_net,185.04,Redford,MO,37.3272,-91.0243,241,Investment analyst,1974-10-27,0a630c19d0ef93f9d262d0ef9bff9358,36.518512,-91.363405,0
2019-01-01 02:42:25,"Kutch, Hermiston and Farrell",gas_transport,48.66,Weeping Water,NE,40.8731,-96.1528,1517,Dealer,1951-11-08,61efe8834c23dea4a334ea06a4dc293d,41.066297,-95.412102,0
2019-01-01 02:46:17,Torp-Lemke,misc_pos,3.32,Portland,OR,45.5303,-122.7033,841711,"Engineer, building services",1963-04-04,900f6896c69d904420bec5e52cf49a95,44.727585,-123.282623,0
2019-01-01 02:54:10,Kassulke PLC,shopping_net,1055.47,Iliff,CO,40.7692,-103.0968,648,Community arts worker,1969-09-21,adca67d0a40b26fb8afeccbae31b7828,39.940564,-103.528231,0
2019-01-01 02:56:28,Dach-Nade,misc_net,16.65,Burlington,WA,48.4786,-122.3345,14871,Public house manager,1974-03-10,ffdaa290d0841d7babaf495aab382031,49.073601,-122.924793,0
2019-01-01 02:56:56,Hills-Witting,shopping_net,8.7,Wales,AK,64.7556,-165.6723,145,"Administrator, education",1939-11-09,f72573a40026254460e02d05ae72672a,65.02349699999999,-166.148374,0
2019-01-01 03:01:34,"Bins, Balistreri and Beatty",shopping_pos,3.19,Mound City,MO,40.1362,-95.2138,1631,Architect,1953-01-20,20c1cf41b472000887395508c5796354,39.299707,-95.975808,0
2019-01-01 03:07:21,Miller-Hauck,grocery_pos,202.71,Burlington,WA,48.4786,-122.3345,14871,Public house manager,1974-03-10,4dde02d07e676d0df3e90565c242a2ec,49.221275,-123.32192,0
2019-01-01 03:12:06,"Rohan, White and Aufderh",misc_net,8.68,Greenview,CA,41.5403,-122.9366,308,Call centre manager,1958-09-20,6d76dfcd39a8262fa7b8e723e0c6cf7f,41.013729,-122.403496,0
2019-01-01 03:12:10,DuBuque LLC,grocery_pos,176.57,Lakeport,CA,39.047,-122.9328,11256,Podiatrist,1972-10-18,26db4a0f3aa2089bd1823652cba9ece1,38.76254,-122.339375,0
2019-01-01 03:12:23,Bins-Rice,gas_transport,49.1,Westerville,NE,41.4193,-99.3844,73,Product designer,1935-02-10,0e83bc0fc886293d57759db709b80962,40.722191,-98.680216,0
2019-01-01 03:12:57,"Cormier, Stracke and Thiel",entertainment,3.14,Honokaa,HI,20.0827,-155.488,4878,Physiotherapist,1966-12-03,cb117fff5645082a2525119c1eafec53,20.995398,-155.36936200000002,0
2019-01-01 03:15:42,"Gottlieb, Considine and Schultz",shopping_net,6.32,Llano,NM,36.1486,-105.6648,247,Architectural technologist,1961-10-24,4c17683e079020ad3865092205f92d81,36.867679,-105.042958,0
2019-01-01 03:18:00,"Jenkins, Hauck and Friesen",gas_transport,44.68,Carlotta,CA,40.507,-123.9743,1139,"Therapist, occupational",1951-01-15,12ef4798422ce322c149339afd3072c7,40.459474,-124.214281,0
2019-01-01 03:24:07,Cummerata-Jones,gas_transport,69.3,Ballwin,MO,38.577,-90.5255,92608,"Engineer, communications",2001-07-26,6736a2032d3a9f612176c57e07480c5b,38.166105,-90.912756,0
2019-01-01 03:37:43,"Goldner, Kovacek and Abbott",grocery_pos,111.81,Dumont,CO,39.7532,-105.6356,565,Mental health nurse,1978-08-27,3dedb528e11d51102e96dd450a82ba0a,40.417719,-105.38411,0
2019-01-01 03:45:30,"Romaguera, Cruickshank and Greenholt",shopping_net,511.09,Grenada,CA,41.6125,-122.5258,589,Systems analyst,1945-12-21,46397744ae13d2c0843e8fba6f164379,42.412743,-121.617857,0
2019-01-01 03:49:16,Kilback LLC,grocery_pos,68.96,Fullerton,NE,41.36600000000001,-98.0054,1749,"Surveyor, mining",1973-05-07,b2820a9708d41515e2a1590d3cce80d4,41.182138,-98.751918,0
2019-01-01 03:54:07,VonRueden Group,grocery_net,105.38,North Loup,NE,41.4972,-98.7858,509,"Nurse, children's",1980-09-15,dc1c09ff158f17c023c59c9d9e0d196f,41.271599,-99.630652,0
2019-01-01 03:56:13,"Haley, Jewess and Bechtel",shopping_pos,2.49,Browning,MO,40.029,-93.1607,602,Cytogeneticist,1954-07-14,d5b3a6e6afe4ff2c96b5fe0355ff8b55,39.052625,-92.428684,0
2019-01-01 04:00:47,Hudson-Ratke,grocery_pos,122.86,Kent,OR,45.0838,-120.6649,60,Museum education officer,1942-04-03,b48cee6edd7f798cb5d4080b82e4a1fe,44.189625,-121.655209,0
2019-01-01 04:03:53,Brekke and Sons,gas_transport,84.58,Holstein,NE,40.4542,-98.6538,331,Telecommunications researcher,1950-08-19,946ab3d0eaf1a37f11668ae3c1d55a2c,40.310753000000005,-99.581023,0
2019-01-01 04:08:38,Terry-Huel,shopping_net,9.52,Mound City,MO,40.1362,-95.2138,1631,Architect,1953-01-20,771a63aaf5210acfbf5ac2403aad30af,39.790646,-95.043146,0
2019-01-01 04:14:13,Eichmann-Russel,misc_pos,35.0,Fiddletown,CA,38.5234,-120.6763,832,Immigration officer,1987-05-19,6f2eff909c82577af2cdb75e5b9a6232,38.370985,-121.358847,0
2019-01-01 04:15:24,"Heller, Gutmann and Zieme",grocery_pos,203.26,Huntington Beach,CA,33.6773,-118.0051,190249,"Therapist, horticultural",1976-09-17,b34814818c2ecd0f86214bf1a6dc1a64,33.010001,-117.705689,0
2019-01-01 04:23:33,Bailey-Mo,grocery_pos,123.9,Blairsden-Graeagle,CA,39.8127,-120.6405,1725,Chartered legal executive (England and Wales),1967-05-27,2a98efe0b90779ab29581f3553d87739,39.229442,-120.493701,0
2019-01-01 04:26:21,Corwin-Collins,gas_transport,50.16,Centerview,MO,38.7897,-93.8702,2368,Electronics engineer,1989-07-17,e95e53d1c091289a54cde0414762751d,38.964313,-93.497747,0
2019-01-01 04:29:14,Balistreri-Nade,misc_pos,22.88,Tomales,CA,38.2427,-122.9145,337,Occupational psychologist,1954-07-05,2fcbde131cff833751dde53da54da6da,39.060101,-121.969417,0
2019-01-01 04:32:59,"Rippin, Kub and Mann",misc_net,6.0,Manville,WY,42.73,-104.7024,241,Educational psychologist,1980-12-16,28528ab2c10390c3b31e401c44365ab5,42.770247,-103.945514,0
2019-01-01 04:40:53,"Casper, Hand and Zul",grocery_pos,175.51,Newhall,CA,34.3795,-118.523,34882,Health physicist,1971-04-25,9f5a130b4ae9efb87867ce8dc878f412,33.731713,-119.507821,0
2019-01-01 04:43:26,Kutch LLC,gas_transport,69.64,Grenada,CA,41.6125,-122.5258,589,Systems analyst,1945-12-21,23cd7287ce2a70d9754cc0f1263ee99f,41.673903,-123.51086,0
2019-01-01 04:52:32,O'Keefe-Hudson,grocery_pos,209.89,Phoenix,AZ,33.5623,-112.0559,1312922,Contractor,1981-10-24,e6528b0d35f36cb29cdca6936aaf1107,33.133990999999995,-111.460639,0
2019-01-01 04:55:19,McDermott-Weimann,grocery_pos,236.18,Meridian,ID,43.6498,-116.4306,84106,Intelligence analyst,1971-02-11,f5afac4b2726300db61d131c65db187d,44.404099,-115.887498,0
2019-01-01 04:55:50,"Connelly, Reichert and Fritsch",gas_transport,57.36,Centerview,MO,38.7897,-93.8702,2368,Electronics engineer,1989-07-17,bc763a7872b62564b0ebb0a94e2a4f26,38.508607,-93.603368,0
2019-01-01 04:56:01,Cummerata-Jones,gas_transport,55.99,Glendale,CA,34.1556,-118.2322,172817,Advertising account planner,1982-07-30,011d132dc3afd3480fd36cb5f3d2b09b,33.778002,-119.013484,0
2019-01-01 04:57:58,"Streich, Hansen and Veum",gas_transport,61.39,Orient,WA,48.8878,-118.2105,149,Special educational needs teacher,1978-06-21,9825a8292f6b25bb7d54b253bb3336f6,48.394218,-117.36356299999998,0
2019-01-01 04:59:14,"Reichert, Shanahan and Hayes",shopping_net,78.56,Alva,WY,44.6873,-104.4414,110,"Administrator, local government",1973-05-16,d01846bf25a4eedf3366527b3b79b4ff,44.678642,-104.128312,0
2019-01-01 05:02:02,Dickinson-Rempel,misc_pos,16.85,Blairstown,MO,38.5319,-93.9221,467,Agricultural consultant,1950-05-27,021e1cf84aec0f63646565e38cb756ec,39.04432,-94.698256,0
2019-01-01 05:07:11,"Wiza, Schaden and Stark",misc_pos,45.4,Laguna Hills,CA,33.615,-117.7114,45303,Sales executive,1969-12-22,987db990882b791e835e5b589cb84abc,33.916129,-117.095988,0
2019-01-01 05:14:57,Spinka Inc,grocery_net,48.31,Dumont,CO,39.7532,-105.6356,565,Mental health nurse,1978-08-27,23a79ef1e368a318c1db57a666d024d6,40.504011,-106.561224,0
2019-01-01 05:16:45,"Schaefer, Maggio and Daugherty",gas_transport,81.25,Albuquerque,NM,35.0561,-106.5506,641349,Charity officer,1967-01-24,d534c24b383c65487d128d525c8d6b91,35.977961,-107.434031,0
2019-01-01 05:19:17,Bailey-Mo,grocery_pos,193.1,Azusa,CA,34.1248,-117.9031,59705,Civil Service fast streamer,1983-06-23,6c8edd752c68cb18b781380b5487e5cd,33.437683,-117.678285,0
2019-01-01 05:36:15,Sporer Inc,gas_transport,51.84,Gardiner,OR,43.7857,-124.1437,260,"Engineer, maintenance",1956-09-01,9c47babfde0e067a090c5cea65e58835,44.047555,-123.800294,0
2019-01-01 05:36:16,Prohaska-Murray,gas_transport,46.66,Mound City,MO,40.1362,-95.2138,1631,Architect,1953-01-20,b8e3100c6bccb605dd98a848e2c76eda,41.071606,-94.999602,0
2019-01-01 05:39:44,Bartoletti-Wunsch,gas_transport,56.65,Blairsden-Graeagle,CA,39.8127,-120.6405,1725,Chartered legal executive (England and Wales),1967-05-27,c198762abf80d696e56eaa0646632488,39.25212,-120.809112,0
2019-01-01 05:41:23,O'Keefe-Hudson,grocery_pos,175.26,Rock Springs,WY,41.606,-109.23,27971,Music therapist,1984-08-01,ed00708f7af7c1818bc14f4dd36036d4,42.25722,-109.312091,0
2019-01-01 05:44:16,Heller-Langosh,gas_transport,62.62,Paauilo,HI,20.0271,-155.3697,1490,"Scientist, research (maths)",1991-04-13,4e14f0bd0481beb88caa1dc4422ed8e6,19.209212,-155.16214,0
2019-01-01 05:50:09,Emard Inc,gas_transport,32.6,Browning,MO,40.029,-93.1607,602,Cytogeneticist,1954-07-14,86cad0e7682a85fa6418dde1a0a33a44,39.335685,-92.982647,0
2019-01-01 05:52:39,Vandervort-Funk,grocery_pos,83.38,Eugene,OR,44.0385,-123.0614,191096,"Scientist, physiological",1964-04-06,6e012022d698a9136bfac48be9b3d050,43.659954,-123.848539,0
2019-01-01 05:56:54,"Adams, Kovacek and Kuhlman",grocery_net,74.85,Daly City,CA,37.6787,-122.478,107941,"Buyer, industrial",1991-10-04,5674d7c6891a3d5e9a9fa208730057a4,38.544098,-123.311607,0
2019-01-01 06:15:18,Pacocha-Bauch,shopping_pos,1.95,Mendon,UT,41.71,-111.9817,2078,"Scientist, audiological",1963-06-13,dac965dc4f91c065fe36327431ead52a,41.930677,-111.044483,0
2019-01-01 06:20:49,Hudson-Ratke,grocery_pos,199.55,Littleton,CO,39.5994,-105.0044,320420,Water engineer,1975-07-31,a5c13edd756f36c026630d13672974bd,38.619691,-105.498059,0
2019-01-01 06:24:47,Harber Inc,gas_transport,94.48,Orient,WA,48.8878,-118.2105,149,Special educational needs teacher,1978-06-21,c9235f76ecb45e67372d79ecac2ffb37,49.513555,-117.819653,0
2019-01-01 06:25:07,Berge LLC,gas_transport,79.39,Mesa,ID,44.6255,-116.4493,129,Cartographer,1965-12-15,606b05a976ee2bca7323d6afc85e63ce,43.673602,-116.40606,0
2019-01-01 06:25:40,Pagac LLC,shopping_pos,5.05,Powell Butte,OR,44.2415,-121.0113,2016,Local government officer,1953-12-25,d44f496e9daab912914ac9513b038df2,44.245679,-121.333658,0
2019-01-01 06:32:36,Erdman-Kertzmann,gas_transport,69.72,Utica,MO,39.7417,-93.6289,271,Land/geomatics surveyor,1972-04-18,6ed5502e8464efee2e341959617bb656,39.053407,-93.972916,0
2019-01-01 06:47:11,Kilback LLC,grocery_pos,94.7,Santa Monica,CA,34.0287,-118.4924,92043,"Civil engineer, contracting",1961-04-25,53ce9a8288680138029c000eccda3ef5,34.238172,-117.644726,0
2019-01-01 06:48:38,McGlynn-Heathcote,misc_net,199.91,Laramie,WY,41.4247,-105.4781,35371,"Pilot, airline",1988-09-02,515bbdc506029e792d2e1ed06e860645,40.476974,-105.541846,0
2019-01-01 06:52:31,Torp-Labadie,gas_transport,48.1,Lagrange,WY,41.6423,-104.1974,635,Product/process development scientist,1973-07-13,db9c80e90e2d21b61b53050f15845615,41.045216,-104.409531,0
2019-01-01 06:54:07,"Greenholt, Jacobi and Gleason",gas_transport,64.92,Brainard,NE,41.1832,-96.9882,614,Associate Professor,1967-06-20,c2959f6ce246f729459ea50b5de61c78,42.131440000000005,-96.938715,0
2019-01-01 07:03:11,Volkman-Predovic,shopping_net,6.48,Humboldt,AZ,34.5189,-112.2523,1179,"Civil engineer, contracting",1955-01-20,1c3b455d21e7debb5c8b20097666958e,33.676231,-112.389594,0
2019-01-01 07:09:10,Funk Group,grocery_net,51.28,Phoenix,AZ,33.8155,-112.1202,1312922,Counselling psychologist,1999-11-30,c56c309fa13d1c9ee97aadd3b1eb313b,34.166811,-111.595599,0
2019-01-01 07:10:26,"Christiansen, Goyette and Schamberge",gas_transport,92.76,Mendon,UT,41.71,-111.9817,2078,"Scientist, audiological",1963-06-13,caedb2e95360b4615a85193357810e38,42.599951,-112.758179,0
2019-01-01 07:11:55,Conroy-Cruickshank,gas_transport,71.06,Redford,MO,37.3272,-91.0243,241,Investment analyst,1974-10-27,a29812ac63e9b065046efd387a6ec8b5,36.447073,-91.941927,0
2019-01-01 07:13:01,Jast and Sons,food_dining,74.09,Corona,CA,33.8419,-117.6043,233717,Wellsite geologist,1966-05-22,4a4cf450e1ee2741e3c3a43544c3cd64,33.917815999999995,-117.821826,0
2019-01-01 07:17:54,Bailey-Mo,grocery_pos,60.65,Moab,UT,38.5677,-109.5271,9772,Location manager,1989-11-24,ce01044c1bfbdb2dd8afb20b3b104f98,38.015263,-109.543831,0
2019-01-01 07:20:02,Mraz-Herzog,gas_transport,60.15,Yellowstone National Park,WY,44.7957,-110.6137,369,Materials engineer,1941-11-16,ff065ff2abbe15990f3ccbd5e549f085,45.68706,-109.891525,0
2019-01-01 07:20:08,Emard Inc,gas_transport,42.1,Shedd,OR,44.453,-123.1065,917,Radio broadcast assistant,1995-07-08,ebbffdde1a88f889b1eea0a895eabf10,43.595613,-123.429412,0
2019-01-01 07:22:34,Schamberger-O'Keefe,grocery_pos,205.76,Kansas City,MO,38.9621,-94.5959,545147,Counsellor,1987-11-18,28f3be829fc05cc266b8e20e4d07e0eb,39.511175,-94.760973,0
2019-01-01 07:24:26,Wolf Inc,grocery_pos,212.87,Kansas City,MO,38.9621,-94.5959,545147,Counsellor,1987-11-18,100f6146829a593605fe199a0a0fb4d5,38.440444,-93.968005,0
2019-01-01 07:28:43,Kutch LLC,gas_transport,77.83,Westfir,OR,43.7575,-122.481,597,Forensic psychologist,1961-05-19,b8848e6439f24ca232b875cc8c548bb9,44.438045,-121.970543,0
2019-01-01 07:34:46,"Olson, Becker and Koch",gas_transport,91.22,Littleton,CO,39.5994,-105.0044,320420,Water engineer,1975-07-31,d81638aacaad5494f155cf70e1912957,40.062868,-105.199294,0
2019-01-01 07:39:00,Harris Inc,gas_transport,68.85,Meadville,MO,39.7795,-93.3014,964,Tourist information centre manager,1974-12-23,f555a9523ee3b2dcb0bdb6ed459deb03,38.795002,-94.219522,0
2019-01-01 07:43:51,McDermott-Weimann,grocery_pos,150.82,June Lake,CA,37.7773,-119.0825,633,Health service manager,1927-09-09,d4175d076783f76299e010c158b2b6c7,38.179302,-119.614224,0
2019-01-01 07:47:43,"Robel, Cummerata and Prosacco",gas_transport,77.62,Independence,MO,39.1412,-94.3515,123373,"Engineer, production",1992-11-27,b5ce075eb7992d3fc45e500507a0322c,38.748636,-94.884859,0
2019-01-01 07:54:20,Kunde-Sanfo,misc_net,3.18,Cardwell,MO,36.0434,-90.2907,1120,Television floor manager,1957-04-17,62cd1654abac4ea270b9b1a3e0f8cf13,36.753937,-91.101249,0
2019-01-01 07:55:19,Cole PLC,grocery_pos,125.69,Mesa,ID,44.6255,-116.4493,129,Cartographer,1965-12-15,637d26ade8d5c520540a8fb0910a7d28,43.932656,-116.426446,0
2019-01-01 07:55:52,Dickinson Lt,misc_pos,3.34,Corona,CA,33.8419,-117.6043,233717,Wellsite geologist,1966-05-22,621cbb20ee3cbdbb017bfd9ecfe6e595,32.923527,-116.743069,0
2019-01-01 08:03:42,Murray-Smitham,grocery_pos,218.2,Daly City,CA,37.6787,-122.478,107941,"Buyer, industrial",1991-10-04,77c4bf620494a9ffb6e9d8ef9cc133b5,38.190054,-121.705641,0
2019-01-01 08:05:59,"Tillman, Dickinson and Labadie",gas_transport,60.17,Westerville,NE,41.4193,-99.3844,73,Product designer,1935-02-10,27bd28157b84eb0e00a031787f6f3bf8,42.182148,-99.876819,0
2019-01-01 08:06:44,Metz-Boehm,shopping_pos,3.54,San Jose,CA,37.3304,-121.7913,973849,Science writer,1955-06-12,22108cef010fb1c7f60e0905b79cc178,38.005968,-121.191609,0
2019-01-01 08:09:01,"Greenholt, Jacobi and Gleason",gas_transport,49.47,San Jose,CA,37.3304,-121.7913,973849,Science writer,1955-06-12,3b0db891ea9d7d317dd5d7dde4ff3f15,37.202165,-122.238415,0
2019-01-01 08:13:00,Flatley-Durgan,misc_net,407.42,Gardiner,OR,43.7857,-124.1437,260,"Engineer, maintenance",1956-09-01,2c761ec42e24be40a8473480be1b39bf,44.556768,-123.41021299999998,0
2019-01-01 08:14:16,Turcotte-Halvorson,misc_pos,6.72,Paradise Valley,AZ,33.5494,-111.9565,17047,Building surveyor,1935-01-29,962392d9ee245e1de785e10ccf31bea3,32.803224,-112.544682,0
2019-01-01 08:18:43,Spencer-Runolfsson,misc_pos,14.92,Burlington,WA,48.4786,-122.3345,14871,Public house manager,1974-03-10,8281ad5a3b1ae4b6ca336af656b26186,49.36542,-121.909876,0
2019-01-01 08:19:46,Berge LLC,gas_transport,63.6,Camden,MO,39.2048,-94.0259,464,Colour technologist,1959-05-28,be8494e402d166aad6125ee58390903b,39.026626,-94.047307,0
2019-01-01 08:22:57,"Labadie, Treutel and Bode",shopping_net,7.72,San Diego,CA,33.0067,-117.069,1241364,Chartered public finance accountant,1959-08-05,3eafe2ea6f20b9bb1dacd06600171691,32.844452000000004,-117.698985,0
2019-01-01 08:24:20,Dach-Bore,grocery_net,66.41,Phoenix,AZ,33.5623,-112.0559,1312922,Contractor,1981-10-24,15f6a0a1d168532d8bf679d1e35bbf55,33.303045000000004,-111.642781,0
2019-01-01 08:29:02,"Johnson, Runolfsdottir and Maye",misc_net,119.3,Kissee Mills,MO,36.6704,-93.0377,1201,"Engineer, agricultural",1980-03-18,68dc37af3b1afb730e93e5aa769d81e0,35.986761,-93.552055,0
2019-01-01 08:32:34,Morar Inc,grocery_net,41.51,Espanola,NM,35.9866,-106.0654,18408,Historic buildings inspector/conservation officer,1972-07-18,3544f27c0e2a41376767ef363ed6a445,36.361596,-107.003424,0
2019-01-01 08:33:06,Mayert Group,shopping_pos,1.28,Campbell,NE,40.2967,-98.737,493,"Surveyor, minerals",1940-09-13,128d12e82cc3ddb7078f419090279e5d,41.186022,-98.2683,0
2019-01-01 08:34:47,Hudson-Grady,shopping_pos,2.06,Indian Wells,CA,33.7163,-116.3381,4677,Learning mentor,1955-05-06,213ee3a1f8f1fb407104913e1a792198,33.603798,-116.540492,0
2019-01-01 08:40:04,"Osinski, Ledner and Leuschke",grocery_pos,101.95,North Loup,NE,41.4972,-98.7858,509,"Nurse, children's",1980-09-15,17e156c3d3247de328c90082de7060f5,40.658388,-98.468462,0
2019-01-01 08:42:31,Kuvalis Lt,gas_transport,74.4,Mountain Center,CA,33.6401,-116.5567,1661,"Therapist, music",1988-09-19,52bf8c4c36520832ff7bfe21a60f7125,33.011954,-116.93814,0
2019-01-01 08:45:39,Erdman-Kertzmann,gas_transport,56.16,Utica,MO,39.7417,-93.6289,271,Land/geomatics surveyor,1972-04-18,4db5b57ad4c0297dffd76583fde6bea6,40.39003,-94.117548,0
2019-01-01 08:45:43,Dickinson-Rempel,misc_pos,154.91,Wales,AK,64.7556,-165.6723,145,"Administrator, education",1939-11-09,3d9aa6d05c4cf14c4af5d377e0ae4dc8,65.336985,-165.34569,0
2019-01-01 08:49:29,McGlynn-Jaskolski,misc_pos,36.62,Helm,CA,36.4992,-120.0936,123,Early years teacher,1973-02-07,6458bd33847734ea1c5075edce6ef805,35.590437,-120.030031,0
2019-01-01 08:53:14,Hudson-Ratke,grocery_pos,84.04,Mound City,MO,40.1362,-95.2138,1631,Architect,1953-01-20,a4124a63fe29428a307eb671a3f03ba3,40.638122,-95.83434,0
2019-01-01 09:03:15,Schamberger-O'Keefe,grocery_pos,148.1,Lowell,OR,43.92100000000001,-122.7806,1420,Systems analyst,1965-11-11,f87f521574b3074d07652bdda05fdc5a,44.611543,-123.481226,0
2019-01-01 09:06:24,Nader-Helle,misc_net,77.04,Parks,AZ,35.2563,-111.95,759,"Geologist, engineering",1957-03-28,fb7244fb7a5de4bf5644fb0b6167449d,34.389461,-111.42367,0
2019-01-01 09:08:32,Hermann-Gaylo,misc_pos,17.21,High Rolls Mountain Park,NM,32.9396,-105.8189,899,Naval architect,1967-08-30,f99eb614ec5ca802aebd68adb7d233c5,32.280246000000005,-106.808789,0
2019-01-01 09:11:11,Stamm-Rodriguez,misc_pos,31.98,Fort Washakie,WY,43.0048,-108.8964,1645,Freight forwarder,1976-02-26,bb79e069a78e3b394f6412ff315ff245,43.382392,-107.956092,0
2019-01-01 09:13:31,Schmeler Inc,misc_pos,2.72,Phoenix,AZ,33.5623,-112.0559,1312922,Contractor,1981-10-24,ae0616344b2cd56da54995c4a7341ebf,33.102424,-113.031541,0
2019-01-01 09:19:21,Prohaska-Murray,gas_transport,47.08,High Rolls Mountain Park,NM,32.9396,-105.8189,899,Naval architect,1967-08-30,af4e8397ae771b8f1810708856ccdd18,33.332359999999994,-104.835644,0
2019-01-01 09:20:24,Turcotte-Halvorson,misc_pos,3.96,San Diego,CA,33.0067,-117.069,1241364,Chartered public finance accountant,1959-08-05,cf56c5861bb83da1e2510125f58fd2bf,33.202001,-118.004124,0
2019-01-01 09:22:08,"Watsica, Haag and Considine",shopping_pos,4.73,Laguna Hills,CA,33.615,-117.7114,45303,Sales executive,1969-12-22,2b6dfcaa97388cf78bb203a62a63941d,33.404607,-116.986619,0
2019-01-01 09:29:09,"Raynor, Reinger and Hagenes",gas_transport,72.18,Thompson,UT,38.9999,-109.615,46,"Surveyor, minerals",1987-04-23,2fa89b83d2fd924592bcccb3adf444e4,39.650886,-109.490384,0
2019-01-01 09:29:58,Schamberger-O'Keefe,grocery_pos,197.16,Meridian,ID,43.6498,-116.4306,84106,Intelligence analyst,1971-02-11,474e9337240f379e55216d2176740822,44.265422,-116.790366,0
2019-01-01 09:32:30,Brekke and Sons,gas_transport,79.12,Lamy,NM,35.4311,-105.9409,923,Public relations account executive,1964-06-22,2830bf8d68c6051a91498cd7bb3247ba,35.275443,-105.71724,0
2019-01-01 09:36:48,"Tillman, Dickinson and Labadie",gas_transport,73.79,Holstein,NE,40.4542,-98.6538,331,Telecommunications researcher,1950-08-19,0b454b130b75c6519810ab0c65c01c88,40.625055,-98.588171,0
2019-01-01 09:41:25,"Schmeler, Bashirian and Price",shopping_net,9.3,Cardwell,MO,36.0434,-90.2907,1120,Television floor manager,1957-04-17,5c8a3352624826c5d9f9029a1f342fe6,36.930573,-89.496439,0
2019-01-01 09:42:51,Klocko LLC,misc_net,23.57,Hatch,UT,37.7175,-112.4777,258,Geoscientist,1961-11-24,1ad7c13c20187d801960465877306721,37.437406,-111.695693,0
2019-01-01 10:03:34,Parisian and Sons,gas_transport,53.3,Kent,OR,45.0838,-120.6649,60,Museum education officer,1942-04-03,c56dda8b062fd466a0e5beb348d0fde2,44.381944,-120.715923,0
2019-01-01 10:07:39,"Schoen, Kuphal and Nitzsche",grocery_pos,40.73,Oakland,CA,37.7878,-122.1884,381459,Barista,1974-01-03,ed898e5e31e1a68b6859084e58a85a71,37.228485,-122.91936499999998,0
2019-01-01 10:08:17,"Greenholt, Jacobi and Gleason",gas_transport,73.11,Fields Landing,CA,40.7268,-124.2174,276,"Scientist, audiological",1929-05-06,5ce83c0c43d6cacdfa5839da561f80a1,41.359602,-123.959767,0
2019-01-01 10:08:23,Turcotte-Halvorson,misc_pos,23.17,Parker Dam,CA,34.298,-114.156,126,Marketing executive,1992-10-07,cdef0856c7bc77e108e8083467f5e828,33.352532000000004,-114.961724,0
2019-01-01 10:09:51,McDermott-Weimann,grocery_pos,97.45,Rocky Mount,MO,38.2911,-92.7059,1847,Tax inspector,1988-10-26,614bd8f2d4dbc5c2c754118911c1d681,39.228231,-92.188319,0
2019-01-01 10:11:08,Jaskolski-Vandervort,misc_net,4.35,Weeping Water,NE,40.8731,-96.1528,1517,Dealer,1951-11-08,ee7c0c461e8eba4a105b4c9620bc8369,40.542864,-96.515629,0
2019-01-01 10:12:48,Kerluke PLC,misc_net,1.63,Moab,UT,38.5677,-109.5271,9772,Location manager,1989-11-24,a92c9646140f26bfe9415167a9799d9c,38.208416,-109.274184,0
2019-01-01 10:14:15,Miller-Harris,misc_net,10.96,Moriarty,NM,34.9889,-106.0609,7268,"Therapist, art",1988-08-04,33446b7d7a2c1a5c7bba9cc4851446e4,35.430223,-105.793238,0
2019-01-01 10:14:19,Heaney-Marquardt,entertainment,22.32,Paradise Valley,AZ,33.5494,-111.9565,17047,Building surveyor,1935-01-29,bb577d9698812575ad8ef0ba8d1a7116,34.041368,-112.265105,0
2019-01-01 10:22:21,Heller-Langosh,gas_transport,68.35,Hooper,NE,41.6414,-96.5232,1745,"Engineer, automotive",1973-12-26,56c969b1428752619cc5d609d8aebb8d,41.893432,-95.736718,0
2019-01-01 10:29:29,Auer-West,shopping_net,1433.54,Cascade Locks,OR,45.67100000000001,-121.8686,1288,Barrister,1936-05-01,cdf73aea45a42592972ad9668315b8c2,45.873314,-121.589038,0
2019-01-01 10:30:44,"Zboncak, Rowe and Murazik",shopping_net,5.74,Parks,AZ,35.2563,-111.95,759,"Geologist, engineering",1957-03-28,c0d80cf33efb7a863fb576a68a7b352f,35.261173,-111.444946,0
2019-01-01 10:37:19,Bauch-Rayno,grocery_pos,146.33,Vinton,CA,40.0235,-120.7986,128,Education administrator,1966-02-21,67e41c2fc02089fcde1e7db628222949,39.892043,-121.453696,0
2019-01-01 10:40:20,Hudson-Grady,shopping_pos,7.29,Roseland,NE,40.4591,-98.5551,463,"Nurse, mental health",1948-05-31,30209367f2bb4608201c43fd3770e6ba,40.039238,-97.958843,0
2019-01-01 10:41:51,"Heller, Gutmann and Zieme",grocery_pos,120.69,Westfir,OR,43.7575,-122.481,597,Forensic psychologist,1961-05-19,b911ea13d191fbe87b8febbf7674397b,44.642041,-122.647369,0
2019-01-01 10:45:31,Kuphal-Bartoletti,misc_net,2.55,Campbell,NE,40.2967,-98.737,493,"Surveyor, minerals",1940-09-13,cf2616223a657877fdd6510251f789bd,39.451595000000005,-99.296808,0
2019-01-01 10:46:23,Smitham-Schille,grocery_net,88.26,Lake Oswego,OR,45.4093,-122.6847,42817,Planning and development surveyor,1982-05-28,eb43b531dcc75ab6d2be32f14572ad5a,44.486464,-123.575185,0
2019-01-01 10:47:11,"Adams, Kovacek and Kuhlman",grocery_net,47.54,Athena,OR,45.8289,-118.4971,1302,Dealer,1976-10-18,8b84871f95118c170b525195e68d8c03,45.542176,-118.562415,0
2019-01-01 10:50:07,Goodwin-Nitzsche,grocery_pos,118.12,Eugene,OR,44.0385,-123.0614,191096,"Scientist, physiological",1964-04-06,f19ec0a7b2267036ee97a33683a6514d,44.739051,-122.0814,0
2019-01-01 10:50:54,Cummerata-Jones,gas_transport,72.28,Parker,CO,39.5102,-104.7216,84861,Materials engineer,1932-03-10,76ee8e0c687d52059a9bf7c0c9370abc,40.448668,-104.63093,0
2019-01-01 10:55:00,Emard Inc,gas_transport,74.15,Colton,WA,46.5901,-117.1692,761,Chief Marketing Officer,1943-06-30,573e840dfaa710256a6bce035d840630,46.902305,-116.41671,0
2019-01-01 10:56:02,Emard Inc,gas_transport,45.95,Conway,WA,48.34,-122.3456,85,"Research officer, political party",1984-09-01,3b839d88dbaefcbbdd1582cbab25f775,47.989002,-122.070979,0
2019-01-01 11:02:29,"Parisian, Schiller and Altenwerth",misc_net,6.79,Westerville,NE,41.4193,-99.3844,73,Product designer,1935-02-10,56c81fc5198cf35619ddfff533af2298,40.765904,-98.433226,0
2019-01-01 11:08:07,Deckow-O'Conne,grocery_pos,161.29,Gardiner,OR,43.7857,-124.1437,260,"Engineer, maintenance",1956-09-01,3ed5dc8ee7ce2b157c6987ff4c2bd9da,44.461804,-124.866861,0
2019-01-01 11:11:08,"Stokes, Christiansen and Sipes",grocery_net,50.28,Kirtland Afb,NM,35.0203,-106.5503,310,"Surveyor, land/geomatics",1978-09-30,f994beb587e7e87a029fdff28a6a349f,35.063619,-106.2421,0
2019-01-01 11:17:00,Auer-Mosciski,grocery_pos,138.6,Blairstown,MO,38.5319,-93.9221,467,Agricultural consultant,1950-05-27,36cf54dd7b4335e7fce6c396ada92b29,38.589273,-93.017727,0
2019-01-01 11:17:39,"Morissette, Weber and Wiegan",grocery_net,43.12,Riverton,WY,43.0351,-108.2024,19408,"Lecturer, higher education",1993-09-11,8804f4b8cd9cfdfac5b5aa615cc7691b,43.802428000000006,-107.281335,0
2019-01-01 11:18:49,Heller-Langosh,gas_transport,63.61,Campbell,NE,40.2967,-98.737,493,"Surveyor, minerals",1940-09-13,233c4243eca00563e7ca952ebdbbf7ff,41.032279,-99.607767,0
2019-01-01 11:22:06,"Osinski, Ledner and Leuschke",grocery_pos,48.07,Sacramento,CA,38.5662,-121.3286,757530,Magazine features editor,1979-04-30,bd8f0eccca6ea07a3fcf500998efc0f0,38.193371,-121.865864,0
2019-01-01 11:29:46,Prohaska-Murray,gas_transport,66.16,Glendale,CA,34.1556,-118.2322,172817,Advertising account planner,1982-07-30,46516eaf549beddb1e19c1f4e8b5a35d,34.917214,-117.79828899999998,0
2019-01-01 11:30:36,Bogisich Inc,grocery_pos,138.46,Holstein,NE,40.4542,-98.6538,331,Telecommunications researcher,1950-08-19,9e9a286743a7c3eedcf5d17b7c4ffed2,40.11124,-98.256852,0
2019-01-01 11:31:43,Boyer PLC,misc_pos,68.7,Sun City,CA,33.7467,-117.1721,54287,"Designer, exhibition/display",1972-09-22,80245e712edd419c40c30b5f841e9b41,33.932468,-116.294259,0
2019-01-01 11:37:44,Roberts-Beahan,misc_pos,105.57,Holstein,NE,40.4542,-98.6538,331,Telecommunications researcher,1950-08-19,45a31220dadaeb21792d0224968b4896,41.266607,-99.508962,0
2019-01-01 11:42:27,Douglas-White,entertainment,6.8,San Diego,CA,33.0067,-117.069,1241364,"Pharmacist, hospital",1960-03-01,c8e8d68a2b724b562c0911cc5adabc1c,32.97625,-116.450577,0
2019-01-01 11:47:23,Corwin-Collins,gas_transport,65.78,Brainard,NE,41.1832,-96.9882,614,Associate Professor,1967-06-20,1eb62e1d821e2d9c642dee5e42b86a80,42.123682,-96.759372,0
2019-01-01 11:49:31,"Kovacek, Dibbert and Ondrick",grocery_pos,194.98,Kansas City,MO,38.9621,-94.5959,545147,Counsellor,1987-11-18,c6097958ea5466c24b66f0350d38d775,39.363753,-94.657276,0
2019-01-01 11:56:30,"Raynor, Reinger and Hagenes",gas_transport,54.6,Jelm,WY,41.0539,-106.0763,100,Public librarian,1974-04-16,67fe62808265ffd73b50b485e19e97fb,41.229067,-105.46406,0
2019-01-01 12:00:35,Greenholt Lt,health_fitness,107.41,Meredith,CO,39.3199,-106.6596,61,Public relations account executive,1939-11-04,42cf87bcb4c4adf573d137589e74df9f,38.417406,-106.386284,0
2019-01-01 12:01:45,"Dare, Fritsch and Zboncak",health_fitness,36.52,Meredith,CO,39.3199,-106.6596,61,Public relations account executive,1939-11-04,f823df96c24faf177f6c1569b2ce3c1d,39.838766,-106.332496,0
2019-01-01 12:04:54,Schimmel-Olson,kids_pets,47.96,Meadville,MO,39.7795,-93.3014,964,Tourist information centre manager,1974-12-23,522e4b449157a7b1e1b25a1710bca3d4,39.206677,-93.033773,0
2019-01-01 12:12:40,Hilpert-Conroy,kids_pets,31.17,Luray,MO,40.4931,-91.8912,519,Town planner,1966-02-13,145f9626ba7da47ad3672379e318ad6f,40.858986,-92.209069,0
2019-01-01 12:13:42,Jacobi Inc,health_fitness,19.03,Littleton,CO,39.5994,-105.0044,320420,Water engineer,1975-07-31,ea09483a48b1b77a85ae0a00fa341c54,39.105052,-105.656623,0
2019-01-01 12:18:32,Hammes-Beatty,kids_pets,78.55,Eugene,OR,44.0385,-123.0614,191096,"Scientist, physiological",1964-04-06,0681c9e2a48735a47fccf0bed805d52f,44.398931,-122.136405,0
2019-01-01 12:27:15,"Reichert, Rowe and Mraz",shopping_net,8.38,Conway,WA,48.34,-122.3456,85,"Research officer, political party",1984-09-01,75971e5cf0d65c6410d8d9df1eeb626a,47.841849,-122.904667,0
2019-01-01 12:31:30,Hills-Witting,shopping_net,3.27,Moriarty,NM,34.9889,-106.0609,7268,"Therapist, art",1988-08-04,4c5ea52c510bed81758879cb8bf7adb0,35.863489,-105.606809,0
2019-01-01 12:35:50,"Prosacco, Kreiger and Kovacek",home,3.13,Smith River,CA,41.9404,-124.1587,1930,Web designer,1983-06-13,6e8e6642a7745cc089a12016bf5c3f10,41.918079,-123.524131,0
2019-01-01 12:41:17,"Berge, Kautzer and Harris",personal_care,88.7,Grenada,CA,41.6125,-122.5258,589,Systems analyst,1945-12-21,1f4c10dd875868477f2cb5822795b5b8,41.586814,-123.16098,0
2019-01-01 12:41:20,"Quitzon, Green and Bashirian",shopping_pos,2.72,Superior,AZ,33.2887,-111.0985,2872,Petroleum engineer,1987-10-28,7c2a58a8385f1947e3589e51e706b70f,32.469997,-110.691362,0
2019-01-01 12:41:33,Roberts-Beahan,misc_pos,9.32,Paauilo,HI,20.0271,-155.3697,1490,"Scientist, research (maths)",1991-04-13,532b525538d4cf450876c4dec3c7d6ab,20.515285,-155.739146,0
2019-01-01 12:45:45,"Mante, Luettgen and Hackett",health_fitness,72.61,Fort Washakie,WY,43.0048,-108.8964,1645,Freight forwarder,1976-02-26,e41042536c148f8dbe7011201638ab90,43.866236,-108.18443700000002,0
2019-01-01 12:47:15,"Goyette, Howell and Collie",shopping_pos,3.7,Smith River,CA,41.9404,-124.1587,1930,Web designer,1983-06-13,0f37daac19e4121adac32c0a10f4b697,41.64788,-124.744747,0
2019-01-01 12:47:15,"Jones, Sawayn and Romague",misc_net,7.27,Fort Washakie,WY,43.0048,-108.8964,1645,Information systems manager,1986-02-17,98e3dcf98101146a577f85a34e58feec,43.974711,-109.741904,0
2019-01-01 12:50:14,Bode-Schuste,kids_pets,109.06,Powell Butte,OR,44.2415,-121.0113,2016,Local government officer,1953-12-25,5089ffa656bebaca749b9b970f40149c,43.729748,-120.13096000000002,0
2019-01-01 12:52:28,Gottlieb-Hansen,personal_care,3.65,Red River,NM,36.6659,-105.4694,606,"Surveyor, land/geomatics",1988-09-06,9661da49b30fedc727d315cddd5e9699,36.849101,-104.807088,0
2019-01-01 12:54:36,Kub PLC,personal_care,215.27,Phoenix,AZ,33.5623,-112.0559,1312922,Contractor,1981-10-24,69594a3099154547d6c1712c1d52d37f,33.58785,-111.796899,0
2019-01-01 12:55:23,Watsica LLC,personal_care,4.31,Riverton,WY,43.0351,-108.2024,19408,"Lecturer, higher education",1993-09-11,e2ae9911ffdda9776dabf41e16beda9c,43.96206,-108.042065,0
2019-01-01 12:56:17,"Hauck, Dietrich and Funk",kids_pets,44.21,Freedom,WY,43.0172,-111.0292,471,"Education officer, museum",1967-08-02,2d51fc0937644072fe09e1cd998a006e,43.329385,-111.772465,0
2019-01-01 12:59:20,"Crist, Jakubowski and Littel",home,74.22,Independence,MO,39.1412,-94.3515,123373,"Engineer, production",1992-11-27,d355c6d214ff0ff59c941504ec72ee79,38.442726,-94.42199,0
2019-01-01 13:06:44,"Metz, Russel and Metz",kids_pets,197.7,Lake Oswego,OR,45.4093,-122.6847,42817,Planning and development surveyor,1982-05-28,5d2223325a5c3fb2567bca7bab674f5f,44.84209,-122.089726,0
2019-01-01 13:07:33,"Bahringer, Bergnaum and Quitzon",home,106.65,Shedd,OR,44.453,-123.1065,917,Radio broadcast assistant,1995-07-08,c9df02be0b8e5207cef6d85ecf9f1b6f,43.617342,-122.715918,0
2019-01-01 13:09:58,"Kihn, Abernathy and Douglas",shopping_net,4.85,Kirtland Afb,NM,35.0203,-106.5503,310,"Surveyor, land/geomatics",1978-09-30,f045242b4d3a9409c0744bb2a17480c4,35.377937,-106.62152,0
2019-01-01 13:11:57,Padberg-Rogahn,entertainment,81.67,Athena,OR,45.8289,-118.4971,1302,Dealer,1976-10-18,3e7217f3499fa2b8616b800aa8edabce,45.184297,-118.779534,0
2019-01-01 13:13:15,Dibbert-Green,entertainment,57.26,Parks,AZ,35.2563,-111.95,759,"Geologist, engineering",1957-03-28,6349378a3faf02e2c4bdf2fd706c0b62,36.130873,-111.009704,0
2019-01-01 13:14:37,Nienow PLC,entertainment,68.58,Kissee Mills,MO,36.6704,-93.0377,1201,"Engineer, agricultural",1980-03-18,20880c46bb7e341cabbbdf36d71ad084,37.415939,-92.949237,0
2019-01-01 13:14:46,Kub-Heaney,health_fitness,77.51,Meadville,MO,39.7795,-93.3014,964,Tourist information centre manager,1974-12-23,38c33070fc07654c5b17d81704baded1,40.759427,-93.539051,0
2019-01-01 13:15:16,"McDermott, Osinski and Mo",home,125.02,Santa Monica,CA,34.0287,-118.4924,92043,"Civil engineer, contracting",1961-04-25,831d376770359dca4bc7142261ca3db2,34.052299,-119.426588,0
2019-01-01 13:17:57,Jakubowski Inc,home,17.6,Carlotta,CA,40.507,-123.9743,1139,"Therapist, occupational",1951-01-15,59f9f4574e29c78e556ad74d941a1df1,39.704205,-124.787554,0
2019-01-01 13:18:49,"Schuppe, Nolan and Hoege",shopping_pos,5.35,Paauilo,HI,20.0271,-155.3697,1490,"Scientist, research (maths)",1991-04-13,c691a3e01642d209e5deb426a7eea70c,19.599726,-155.337647,0
2019-01-01 13:20:33,Kautzer and Sons,personal_care,8.2,Mesa,ID,44.6255,-116.4493,129,Cartographer,1965-12-15,e141a779c3b646a1663f226cdee47d2f,43.749837,-116.684895,0
2019-01-01 13:20:33,Feil-Mo,health_fitness,34.12,Kent,OR,45.0838,-120.6649,60,Museum education officer,1942-04-03,889fc238d9ed34c9da5fa4ba12607470,45.659517,-120.745042,0
2019-01-01 13:21:10,Johnston-Caspe,travel,7.33,Mound City,MO,40.1362,-95.2138,1631,Architect,1953-01-20,7a30020f6af806a03b3e3b859b9a2df4,40.977943,-96.135389,0
2019-01-01 13:26:02,Bins-Howell,personal_care,23.95,Arvada,CO,39.8422,-105.1097,122111,Hotel manager,1987-05-23,9646475d9e5e6ddf14b9979d8fe41151,40.244496000000005,-105.173078,0
2019-01-01 13:26:28,Towne LLC,misc_pos,4.99,Centerview,MO,38.7897,-93.8702,2368,Electronics engineer,1989-07-17,b59bde1fadb81626cb4eeb5a43114d3a,39.068685,-93.258024,0
2019-01-01 13:27:42,Goyette-Gerhol,kids_pets,47.51,Fort Washakie,WY,43.0048,-108.8964,1645,Freight forwarder,1976-02-26,68da1de8dfe24d6509f0bda38b7e0020,43.884203,-109.383737,0
2019-01-01 13:27:53,"Bradtke, Torp and Bahringe",personal_care,20.27,Arvada,CO,39.8422,-105.1097,122111,Hotel manager,1987-05-23,a630f354a8bf2ffaeac0628593955e50,40.015831,-104.719839,0
2019-01-01 13:35:06,Yost-Rogahn,personal_care,4.66,Bay City,OR,45.5197,-123.8761,1530,Colour technologist,1986-11-24,d5fb4394cb0aba8eb44b3b9e53e09eed,45.811261,-123.080707,0
2019-01-01 13:35:58,"Schoen, Nienow and Bauch",personal_care,7.49,Luray,MO,40.4931,-91.8912,519,Town planner,1966-02-13,7667c992f0c603bca9e225fae48a2a8f,41.462107,-92.720582,0
2019-01-01 13:36:09,"Ledner, Hartmann and Feest",health_fitness,12.89,Littleton,CO,39.5994,-105.0044,320420,Water engineer,1975-07-31,b27845073d75c53c4e57270e20cf34e2,39.782236,-104.874005,0
2019-01-01 13:36:40,"Moore, Dibbert and Koepp",misc_net,52.34,Moab,UT,38.5677,-109.5271,9772,Location manager,1989-11-24,ebe3de99c49be0168732cfb8022b81cf,38.543764,-110.447495,0
2019-01-01 13:37:31,"Schaefer, Fay and Hilll",entertainment,59.29,Kansas City,MO,38.9621,-94.5959,545147,Counsellor,1987-11-18,a995687ccfbabfaa8f275cd5c0801398,39.523141,-94.450871,0
2019-01-01 13:38:43,"Walter, Hettinger and Kessle",personal_care,71.32,Lonetree,WY,41.0552,-110.1603,49,Research scientist (physical sciences),1981-07-05,eca0d04566cc5afacd0e83d962027a37,41.893217,-109.472759,0
2019-01-01 13:39:20,"Berge, Kautzer and Harris",personal_care,73.32,Fort Washakie,WY,43.0048,-108.8964,1645,Freight forwarder,1976-02-26,f905e76e5527f26602b1e1b2bf9c2ea7,43.363922,-108.455356,0
2019-01-01 13:43:24,Bechtelar-Rippin,food_dining,34.69,Phoenix,AZ,33.8155,-112.1202,1312922,Counselling psychologist,1999-11-30,7c8d7a23e07f00f0397ed981ee7cf302,32.855971999999994,-111.598629,0
2019-01-01 13:43:35,Hermann-Gaylo,misc_pos,7.28,Sutherland,NE,41.1558,-101.136,1789,Insurance broker,1982-02-11,98f5e67e90c4fcad42b8a4e8e0428886,40.219185,-100.170155,0
2019-01-01 13:44:51,Swift PLC,kids_pets,52.41,Fiddletown,CA,38.5234,-120.6763,832,Immigration officer,1987-05-19,6c75b784de76e5c918e9fb8825e9575c,38.341426,-121.134742,0
2019-01-01 13:45:23,Howe Lt,misc_pos,8.52,Conway,WA,48.34,-122.3456,85,"Research officer, political party",1984-09-01,3894ad657ef913a346d957862513e63b,48.901439,-122.236121,0
2019-01-01 13:47:51,Kris-Padberg,shopping_pos,66.21,Owensville,MO,38.3511,-91.4867,6703,Naval architect,1998-05-20,b10d3dd983d8283099b5dcbc057b8463,39.005932,-91.649172,0
2019-01-01 13:50:34,Kirlin and Sons,personal_care,51.74,Rock Springs,WY,41.606,-109.23,27971,Music therapist,1984-08-01,57cc6aa0fe674cd3afb7eda97576f057,41.533669,-109.867285,0
2019-01-01 13:51:05,Bednar PLC,kids_pets,31.98,Oakland,CA,37.7878,-122.1884,381459,Barista,1974-01-03,bdcaad97c6d2074608aff277f78f1caf,38.245863,-122.579289,0
2019-01-01 13:52:01,"Weimann, Kuhic and Beahan",shopping_pos,13.02,Altonah,UT,40.3207,-110.436,302,"Sales professional, IT",1990-01-17,8ca5b2d05d133de4036b5588ef86bc43,39.832089,-110.077562,0
2019-01-01 13:57:13,"Wuckert, Wintheiser and Friesen",home,3.12,Cascade Locks,OR,45.67100000000001,-121.8686,1288,Barrister,1936-05-01,05cb02dc6af1102556fbcbe923e68695,44.862493,-121.787626,0
2019-01-01 13:59:58,Gibson-Deckow,entertainment,41.88,Browning,MO,40.029,-93.1607,602,Cytogeneticist,1954-07-14,409e09fe646aaade07b2f5e76a2e5922,39.347491,-92.210216,0
2019-01-01 14:11:55,"Crist, Jakubowski and Littel",home,16.4,Pueblo,CO,38.2352,-104.66,151815,Further education lecturer,1988-01-04,8d9ddd9d0636a698c2d9c437e9f1ef81,38.618105,-104.424666,0
2019-01-01 14:13:20,Flatley Group,misc_pos,6.76,Lagrange,WY,41.6423,-104.1974,635,Product/process development scientist,1973-07-13,b0eb5b54e67cef86627bff68103daa28,41.682194,-103.776368,0
2019-01-01 14:13:22,Pouros-Conroy,shopping_pos,3.21,Smith River,CA,41.9404,-124.1587,1930,Web designer,1983-06-13,3e839ed419114679bd901cb01a595e49,41.661267,-124.920007,0
2019-01-01 14:14:39,"Altenwerth, Cartwright and Koss",shopping_net,9.62,Thompson,UT,38.9999,-109.615,46,"Surveyor, minerals",1987-04-23,da5b0dd77b29ff6da78ca79f95e030b2,38.044566,-108.863626,0
2019-01-01 14:17:57,"Cormier, Stracke and Thiel",entertainment,109.49,Rock Springs,WY,41.606,-109.23,27971,Music therapist,1984-08-01,31670e7c674cc710d079b49eece1d328,41.983065,-109.921365,0
2019-01-01 14:22:44,Lemke-Gutmann,shopping_net,3.49,Phoenix,AZ,33.5623,-112.0559,1312922,Contractor,1981-10-24,8ce31e2f24c96575cf55a89c830de3f2,33.866541,-112.505892,0
2019-01-01 14:32:29,Kemmer-Buckridge,misc_pos,427.99,Moab,UT,38.5677,-109.5271,9772,Location manager,1989-11-24,0d80c1883d162c75693f44cdceaee9ce,37.708533,-109.906451,0
2019-01-01 14:35:11,Little Lt,kids_pets,19.07,Issaquah,WA,47.4974,-122.0107,50489,Osteopath,1984-02-29,fcb650144928aa110865e80724c608e2,48.115242,-122.652165,0
2019-01-01 14:38:38,Deckow-Dare,food_dining,50.74,High Rolls Mountain Park,NM,32.9396,-105.8189,899,Naval architect,1967-08-30,1e81ed0abec50d580b142adfb12b1159,32.964028000000006,-105.321954,0
2019-01-01 14:40:13,O'Hara-Wilderman,food_dining,5.24,Phoenix,AZ,33.5623,-112.0559,1312922,Contractor,1981-10-24,305863ab779e819ab1027b2e240be39d,32.881491,-112.903209,0
2019-01-01 14:40:43,Barrows PLC,shopping_pos,4.0,Centerview,MO,38.7897,-93.8702,2368,Electronics engineer,1989-07-17,5dc420ce15d678f98d713a3083d157dd,39.097427,-93.374791,0
2019-01-01 14:41:02,"Schneider, Hayes and Nikolaus",food_dining,36.6,Moab,UT,38.5677,-109.5271,9772,Location manager,1989-11-24,b832c6e87885377cd2ca4ca99e54c1a3,37.666227,-108.754492,0
2019-01-01 14:43:44,Abbott-Rogahn,entertainment,74.63,Ravenna,NE,41.0233,-98.9041,2202,"Solicitor, Scotland",1974-06-21,dbe29230128b03874e77d7a046e93c28,41.874726,-99.842215,0
2019-01-01 14:48:37,Volkman-Predovic,shopping_net,3.82,Hawthorne,CA,33.9143,-118.3493,93193,"Editor, magazine features",1995-04-19,f8fcbe680196c1788119048a05e62bcb,33.508998,-117.948964,0
2019-01-01 14:50:58,Kutch-Wilderman,home,27.4,Saint Louis,MO,38.6171,-90.4504,927396,Occupational hygienist,1960-03-12,5bdf9866c05ace7166084487071d38cd,39.583059000000006,-89.539099,0
2019-01-01 14:55:44,Ratke and Sons,health_fitness,145.0,Blairstown,MO,38.5319,-93.9221,467,Agricultural consultant,1950-05-27,fb42930f205e910428d5b32945480a86,39.042503,-94.123321,0
2019-01-01 14:56:56,Schmidt-Larkin,home,31.81,Lowell,OR,43.92100000000001,-122.7806,1420,Systems analyst,1965-11-11,aa6d936b883e37739bb4c1a8aad20d93,43.656137,-122.656847,0
2019-01-01 14:57:28,Baumbach Lt,personal_care,16.25,Wales,AK,64.7556,-165.6723,145,"Administrator, education",1939-11-09,4defe0f56d55e1abfc523be52630093e,65.389987,-165.672907,0
2019-01-01 15:01:27,"Hintz, Bauch and Smith",health_fitness,101.77,Littleton,CO,39.5994,-105.0044,320420,Water engineer,1975-07-31,cd3fab99e598e976cc13e154bc775437,39.028845,-105.56595,0
2019-01-01 15:01:28,Hickle Group,shopping_pos,126.78,Fiddletown,CA,38.5234,-120.6763,832,Immigration officer,1987-05-19,72b97b6f31c2a408e7f752f11d1fb5f0,39.101732,-120.295377,0
2019-01-01 15:01:39,"Monahan, Hermann and Johns",travel,7.36,Iliff,CO,40.7692,-103.0968,648,Community arts worker,1969-09-21,b0e217c08fcf199f24638d88e3c04aa4,40.296949,-103.028083,0
2019-01-01 15:03:30,"Koss, McLaughlin and Maye",food_dining,40.17,Cascade Locks,OR,45.67100000000001,-121.8686,1288,Barrister,1936-05-01,3f63effe1091abfc64974e363bf6942d,45.434286,-122.578714,0
2019-01-01 15:04:03,Cartwright PLC,kids_pets,33.3,Kansas City,MO,38.9621,-94.5959,545147,Counsellor,1987-11-18,4b975ad05803d84c0675ecb5fbcf6dbe,39.078013,-93.767361,0
2019-01-01 15:04:50,Bode-Schuste,kids_pets,3.18,Burlington,WA,48.4786,-122.3345,14871,Public house manager,1974-03-10,9386e6ea95432c29bb371cf82fa1f98d,47.73173,-122.614618,0
2019-01-01 15:07:08,Bins-Howell,personal_care,194.34,Centerview,MO,38.7897,-93.8702,2368,Electronics engineer,1989-07-17,4324f6b08f62c5fb5ab08a5bc77d6b76,39.330067,-93.730946,0
2019-01-01 15:09:17,Larson-Moen,entertainment,78.51,Grenada,CA,41.6125,-122.5258,589,Systems analyst,1945-12-21,bb99744d4d65442635bef90a7375adc9,41.720972,-121.822315,0
2019-01-01 15:16:04,Daugherty LLC,kids_pets,35.73,Lakeport,CA,39.047,-122.9328,11256,Podiatrist,1972-10-18,d717895c2edd4194db593042115b5ffb,38.861761,-122.280117,0
2019-01-01 15:16:08,Kutch-Wilderman,home,13.1,Moriarty,NM,34.9889,-106.0609,7268,"Therapist, art",1988-08-04,8aad33aa0bb9b8b8a0acc19c8ead3d78,34.648344,-105.52457,0
2019-01-01 15:24:51,Watsica LLC,personal_care,13.07,Wheaton,MO,36.7651,-94.0492,760,Production manager,1985-08-31,1008b908e070155419a41539111056ae,37.304014,-94.115381,0
2019-01-01 15:25:08,"McCullough, Hudson and Schuste",food_dining,98.07,Palmdale,CA,34.5715,-118.0231,171170,Chemical engineer,1963-06-04,95f57d9404cf056a826ec8b53c108547,34.849598,-117.476043,0
2019-01-01 15:27:33,"Romaguera, Wehner and Tromp",kids_pets,92.48,Orient,WA,48.8878,-118.2105,149,Special educational needs teacher,1978-06-21,f16d17932951db1e8664b82c65fd0da9,48.491798,-117.466434,0
2019-01-01 15:28:34,Kutch-Wilderman,home,36.32,Burbank,WA,46.1966,-118.9017,3684,Musician,1981-11-29,a90ccd075dec38f3f63faf77771b3cfd,45.608745,-119.50835,0
2019-01-01 15:31:15,Gottlieb-Hansen,personal_care,23.28,Wheaton,MO,36.7651,-94.0492,760,Production manager,1985-08-31,59647fbb3e348d296e53626c160a6a09,36.144123,-94.10011,0
2019-01-01 15:34:14,Beier and Sons,home,26.82,Sutherland,NE,41.1558,-101.136,1789,Insurance broker,1982-02-11,46f723b08e6c93c1160a067a3b05914f,40.998097,-100.389208,0
2019-01-01 15:35:26,Goldner-Lemke,entertainment,79.04,Jordan Valley,OR,42.8801,-117.281,641,Economist,1993-11-24,6381ab88d125b50700d0cd834dbf2af1,43.628308,-117.472283,0
2019-01-01 15:39:36,Barrows PLC,shopping_pos,51.09,Newberg,OR,45.3099,-122.9685,28278,Research scientist (physical sciences),1977-07-17,44c028e7cb3077c572312a84db8f22e2,45.240033,-122.609583,0
2019-01-01 15:41:57,Pagac LLC,shopping_pos,9.56,Espanola,NM,35.9866,-106.0654,18408,Historic buildings inspector/conservation officer,1972-07-18,a341f1e6683f774b63cf1e49fd4124ea,36.834554,-105.460304,0
2019-01-01 15:43:36,Bins-Tillman,entertainment,77.85,Hawthorne,CA,33.9143,-118.3493,93193,"Editor, magazine features",1995-04-19,05d4776826bc2e9c35c7c24752f2ce58,34.853672,-118.929521,0
2019-01-01 15:44:19,Jewess LLC,shopping_pos,94.81,Phoenix,AZ,33.5623,-112.0559,1312922,Contractor,1981-10-24,00aa2b8433da2608fee5cbeb8d9e42c1,33.142637,-111.806381,0
2019-01-01 15:46:30,Ernser-Lynch,food_dining,16.17,Carlotta,CA,40.507,-123.9743,1139,"Therapist, occupational",1951-01-15,b1c9e5d006cdc67576a061fd988129cc,40.974659,-123.251095,0
2019-01-01 15:47:50,Abbott-Steube,personal_care,111.13,Roseland,NE,40.4591,-98.5551,463,"Nurse, mental health",1948-05-31,40ca0f0111ef54d04995b0ca9d5287f1,40.300769,-98.784576,0
2019-01-01 15:48:18,"Witting, Beer and Ernse",home,85.65,Dumont,CO,39.7532,-105.6356,565,Mental health nurse,1978-08-27,bf5459c3bcc12a19c9e90d2119a8e00a,38.780218,-106.016143,0
2019-01-01 15:48:32,Morissette LLC,entertainment,72.23,Blairstown,MO,38.5319,-93.9221,467,Agricultural consultant,1950-05-27,f2f1a4945fc6b5f84822f6ea1dd8e7b3,38.588127,-94.36268,0
2019-01-01 15:51:03,Kassulke PLC,shopping_net,17.86,Laramie,WY,41.4247,-105.4781,35371,"Pilot, airline",1988-09-02,1afd0bac075c4ba1a866dfb03535c110,40.80032,-105.808459,0
2019-01-01 15:53:59,Brown Inc,kids_pets,63.1,Tomales,CA,38.2427,-122.9145,337,Occupational psychologist,1954-07-05,d8ee72f65e807fe60823d8b0e323e496,39.221409,-123.0356,0
2019-01-01 15:54:35,Grimes LLC,entertainment,9.6,Browning,MO,40.029,-93.1607,602,Cytogeneticist,1954-07-14,eefbde21db646616bed2005eb04d360d,39.101445,-93.011397,0
2019-01-01 15:55:04,Padberg-Saue,home,33.18,American Fork,UT,40.3928,-111.7941,42384,Futures trader,1992-12-29,5ee8f211c3d432db82c74db186364ea5,39.943235,-111.485104,0
2019-01-01 15:56:08,Rau-Grant,kids_pets,29.25,Oakland,CA,37.7878,-122.1884,381459,Barista,1974-01-03,981f1c53b24fe59780f0469e5dbec175,38.010877,-123.142114,0
2019-01-01 15:56:41,Renner Lt,home,1.65,Albuquerque,NM,35.1506,-106.569,641349,Civil Service administrator,1976-04-11,ec8d3b43144bcaa4c34e9d95ca726c9c,35.390805,-107.11296000000002,0
2019-01-01 15:58:51,Goyette-Gerhol,kids_pets,128.67,Stayton,OR,44.8021,-122.7624,9587,"Engineer, biomedical",1968-03-24,0be296bc45f0b611875d1d67eb51db33,45.513768,-123.510682,0
2019-01-01 15:59:57,"Graham, Hegmann and Hammes",food_dining,20.66,Napa,CA,38.4549,-122.2564,94014,Airline pilot,1985-08-21,5bcd9f7c01f968c6c3887bf3ea168f7e,38.032861,-121.490512,0
2019-01-01 16:01:34,"Ruecker, Beer and Collie",shopping_net,1.29,Moriarty,NM,34.9889,-106.0609,7268,"Therapist, art",1988-08-04,44793eab1f270cf540e2addf9bd78b35,35.573259,-106.740657,0
2019-01-01 16:05:53,Bernhard-Lesch,food_dining,82.19,Burbank,WA,46.1966,-118.9017,3684,Musician,1981-11-29,9f9724cadcc815d518164a35df283c6a,45.751028000000005,-118.859556,0
2019-01-01 16:14:25,"Reichert, Huels and Hoppe",shopping_net,6.14,Redford,MO,37.3272,-91.0243,241,Investment analyst,1974-10-27,056e427a18edcf94b70e19960c9a6feb,37.378884,-91.423312,0
2019-01-01 16:15:59,"Mosciski, Ziemann and Farrell",shopping_net,5.84,Riverton,WY,43.0351,-108.2024,19408,"Lecturer, higher education",1993-09-11,9223c166a7be949edbe4a6cb39b39c96,43.550545,-108.187721,0
2019-01-01 16:18:10,Hilpert-Conroy,kids_pets,73.65,San Diego,CA,33.0067,-117.069,1241364,Chartered public finance accountant,1959-08-05,d015ec93ac7a579d27cf93a94f69165f,33.831325,-116.236937,0
2019-01-01 16:18:49,Marvin-Lin,personal_care,4.67,Sutherland,NE,41.1558,-101.136,1789,Insurance broker,1982-02-11,fcb1551665e9e7b4a50c3e7894380760,41.501008,-100.762553,0
2019-01-01 16:22:26,Rolfson-Kunde,personal_care,17.21,Laguna Hills,CA,33.615,-117.7114,45303,Sales executive,1969-12-22,ed56ff2860068ba47c10a64fcc6b3269,32.778766999999995,-117.530736,0
2019-01-01 16:26:25,Hermann-Gaylo,misc_pos,1.93,Orient,WA,48.8878,-118.2105,149,Special educational needs teacher,1978-06-21,04a953c9601dd378f92d2b77c342e436,49.002189,-117.977232,0
2019-01-01 16:29:55,Heathcote LLC,shopping_net,411.05,Littleton,CO,39.5994,-105.0044,320420,Water engineer,1975-07-31,bff0c5ee21e4b589f90bcbb9abfcfde9,39.944739,-105.08223999999998,0
2019-01-01 16:31:19,Bernier and Sons,kids_pets,10.29,Red River,NM,36.6659,-105.4694,606,"Surveyor, land/geomatics",1988-09-06,ba1bdd81bb234a2eafca791594c3d125,37.103273,-104.868111,0
2019-01-01 16:33:45,Schuppe-Schuppe,food_dining,61.27,Parker Dam,CA,34.298,-114.156,126,Marketing executive,1992-10-07,ad977aa6040309df99a46b3465fa6c16,34.88857,-113.371163,0
2019-01-01 16:34:11,Jewess LLC,shopping_pos,1.22,Huntington Beach,CA,33.6773,-118.0051,190249,"Therapist, horticultural",1976-09-17,69bc46dc47a88dbf98c0a1a40387f91f,33.455845000000004,-117.478793,0
2019-01-01 16:34:15,"Schiller, Blanda and Johnson",home,49.92,Manville,WY,42.73,-104.7024,241,Educational psychologist,1980-12-16,56ac3225fcd5e39df0ab2c8baa40b277,43.010935,-105.691642,0
2019-01-01 16:35:54,Treutel-King,travel,456.68,Alva,WY,44.6873,-104.4414,110,"Administrator, local government",1973-05-16,899fd5b8df85eef2c5fb022958703f02,44.310055,-103.74118,0
2019-01-01 16:37:09,Fadel-Hilpert,health_fitness,79.25,Hooper,NE,41.6414,-96.5232,1745,"Engineer, automotive",1973-12-26,1b73146443084b5b63bea2b43404c8ea,42.374139,-96.310345,0
2019-01-01 16:38:02,Padberg-Saue,home,59.22,Napa,CA,38.4549,-122.2564,94014,Airline pilot,1985-08-21,6e0303af2aa3dd5fade680d84da27bb6,38.450723,-123.250999,0
2019-01-01 16:47:23,Bernier and Sons,kids_pets,97.96,Cardwell,MO,36.0434,-90.2907,1120,Television floor manager,1957-04-17,a7c6bd71ba9e2038ef2afcab2d3bfc9a,36.739953,-89.332348,0
2019-01-01 16:50:29,Jast Lt,shopping_net,88.69,Azusa,CA,34.1248,-117.9031,59705,Civil Service fast streamer,1983-06-23,517bbd506df8515bfde0af5a2bc4d827,34.564306,-117.01043,0
2019-01-01 16:52:08,Bauch-Blan,entertainment,43.08,Phoenix,AZ,33.8155,-112.1202,1312922,Counselling psychologist,1999-11-30,69d6f735577db17b34204f41129aa20c,34.523171000000005,-112.625043,0
2019-01-01 16:52:19,Hermann and Sons,shopping_pos,8.67,Hooper,NE,41.6414,-96.5232,1745,"Engineer, automotive",1973-12-26,e9d4e1c3379a39dfa1cd55e8e07ad2f9,42.117141,-97.087965,0
2019-01-01 16:52:19,"Nicolas, Hills and McGlynn",entertainment,31.86,Wales,AK,64.7556,-165.6723,145,"Administrator, education",1939-11-09,c730db7af4201581d8f0dd3d28b2a12a,64.82883000000001,-164.989426,0
2019-01-01 16:53:06,"Pouros, Walker and Spence",kids_pets,58.8,Oakland,CA,37.7878,-122.1884,381459,Barista,1974-01-03,7c41dec270008662553ffc24bbf6afa7,36.96582,-122.854634,0
2019-01-01 16:54:21,Sporer-Keeble,personal_care,2.38,Lamy,NM,35.4311,-105.9409,923,Public relations account executive,1964-06-22,c978732b9663a0b9411430e2ab60eb4e,35.717327000000004,-106.154266,0
2019-01-01 17:03:54,Schulist Lt,food_dining,50.61,Littleton,CO,39.5994,-105.0044,320420,Water engineer,1975-07-31,2a4e5fc7d8cc6665d11de2dfc2a0541d,39.298762,-105.352023,0
2019-01-01 17:05:22,Lubowitz-Walte,kids_pets,39.64,Norwalk,CA,33.9056,-118.0818,105549,Firefighter,1973-09-22,f3870d607e888d38a79ef952b28e676b,34.893652,-117.682686,0
2019-01-01 17:11:17,"Cormier, Stracke and Thiel",entertainment,71.49,Helm,CA,36.4992,-120.0936,123,Early years teacher,1973-02-07,2e26571c287b04eb6213c46d2b5cf66f,36.33774,-121.002343,0
2019-01-01 17:13:46,Dietrich-Fadel,health_fitness,12.58,Indian Wells,CA,33.7163,-116.3381,4677,Learning mentor,1955-05-06,9ae33b40ae4f639711276a6bdfead0d0,33.507377000000005,-117.205948,0
2019-01-01 17:19:21,Will Lt,food_dining,9.41,Sprague,NE,40.6267,-96.7456,142,Chiropodist,1967-08-24,8cdbb05fa050e95e42fb07d940810004,40.043068,-97.587399,0
2019-01-01 17:20:10,Hudson-Grady,shopping_pos,9.07,Orient,WA,48.8878,-118.2105,149,Special educational needs teacher,1978-06-21,1f9810e19a2bce00d0c763f3388e4d2b,49.193938,-117.796126,0
2019-01-01 17:22:02,Kautzer and Sons,personal_care,1.91,Mountain Center,CA,33.6401,-116.5567,1661,"Therapist, music",1988-09-19,2187595c8884e8a2e6b43ff3d0ee86ab,33.534422,-115.752856,0
2019-01-01 17:22:33,Berge-Hills,kids_pets,51.55,Ravenna,NE,41.0233,-98.9041,2202,"Solicitor, Scotland",1974-06-21,4f506167cd2e3ad0c8454a5d8ece9d81,40.328007,-99.225024,0
2019-01-01 17:33:41,Greenholt Lt,health_fitness,72.97,Fort Washakie,WY,43.0048,-108.8964,1645,Freight forwarder,1976-02-26,f4f90905d5b1c6d277af7cf5b7db3341,43.212775,-109.52276,0
2019-01-01 17:33:41,"Brown, Homenick and Lesch",health_fitness,18.4,Sacramento,CA,38.6865,-121.3494,757530,Soil scientist,1966-09-19,f53b46ebb3ddc9dca3958849e3b6dc83,39.207999,-120.367391,0
2019-01-01 17:37:36,Gaylord-Powlowski,home,141.0,Kirtland Afb,NM,35.0203,-106.5503,310,"Surveyor, land/geomatics",1978-09-30,0121469deb055debc9ef94dbab4e089d,35.259991,-105.643369,0
2019-01-01 17:41:07,"Lubowitz, Terry and Stracke",personal_care,37.56,Espanola,NM,35.9866,-106.0654,18408,Historic buildings inspector/conservation officer,1972-07-18,b3b2fabffb1c0619fc7b445a6e89454e,35.769853999999995,-105.978141,0
2019-01-01 17:41:20,Emmerich-R,personal_care,30.78,Centerview,MO,38.7897,-93.8702,2368,Electronics engineer,1989-07-17,897b5dffb2a0f5d3a15af787ec1bad36,39.241172,-94.216961,0
2019-01-01 17:44:12,Harris Group,food_dining,20.2,Littleton,CO,39.5994,-105.0044,320420,Water engineer,1975-07-31,f3f49a5e1d5a91f59be451809960dbbe,38.726905,-105.450492,0
2019-01-01 17:45:06,Powlowski-Weimann,food_dining,80.77,Superior,AZ,33.2887,-111.0985,2872,Petroleum engineer,1987-10-28,86e29c02ce75acdf6b26f810aaaf5376,32.607997,-110.321712,0
2019-01-01 17:47:27,"Kuhic, Bins and Pfeffe",shopping_net,155.81,Rock Springs,WY,41.606,-109.23,27971,Music therapist,1984-08-01,4f6ce86297522ef4e5af5421de0b2045,42.009777,-109.851301,0
2019-01-01 17:49:25,Schulist Lt,food_dining,3.11,Wheaton,MO,36.7651,-94.0492,760,Production manager,1985-08-31,ca3db4521c49df828f6d480b48f5aee4,36.494041,-94.025418,0
2019-01-01 18:00:44,Fisher Inc,shopping_net,4.3,Crownpoint,NM,35.7206,-108.0271,5662,IT consultant,1989-04-08,33544c28f1569c086e3b275231a3dd0c,34.787924,-107.647804,0
2019-01-01 18:01:30,Baumbach Lt,personal_care,1.94,Holstein,NE,40.4542,-98.6538,331,Telecommunications researcher,1950-08-19,2b7449b471722a9682beb520e68ddc09,39.661792,-98.886994,0
2019-01-01 18:02:41,"Witting, Beer and Ernse",home,153.04,Tomales,CA,38.2427,-122.9145,337,Occupational psychologist,1954-07-05,66ea77705b55da16f4d9fddd7737c0b1,38.092341,-122.323871,0
2019-01-01 18:03:33,"Cole, Hills and Jewess",home,57.61,Fiddletown,CA,38.5234,-120.6763,832,Immigration officer,1987-05-19,63ad9e3abcc405f17f5f4e7c0b699410,37.896274,-120.73983,0
2019-01-01 18:04:11,Lubowitz-Walte,kids_pets,37.06,Honokaa,HI,20.0827,-155.488,4878,Physiotherapist,1966-12-03,834e9e38ac4276890eb7df8446d7d6ff,20.378536,-155.073011,0
2019-01-01 18:05:19,"Witting, Beer and Ernse",home,22.9,Stayton,OR,44.8021,-122.7624,9587,"Engineer, biomedical",1968-03-24,d011f4f25d032cc5c3be5a02ed08eee1,45.739642,-122.551331,0
2019-01-01 18:10:18,"Roberts, Daniel and Macejkovic",kids_pets,97.2,Owensville,MO,38.3511,-91.4867,6703,Naval architect,1998-05-20,ec453bb870cb4d74ad9b9d39d4183e3c,38.210607,-92.231835,0
2019-01-01 18:14:06,"Witting, Beer and Ernse",home,13.59,Jelm,WY,41.0539,-106.0763,100,Public librarian,1974-04-16,a255d49905aa0c6fbfecfcedf3ec92a9,41.896055,-106.390603,0
2019-01-01 18:14:30,Kessler Inc,travel,461.28,Meadville,MO,39.7795,-93.3014,964,Tourist information centre manager,1974-12-23,b0c876de8b09c9879fe1c61d7495a02e,39.656496,-92.400368,0
2019-01-01 18:18:51,Bernhard-Lesch,food_dining,44.46,Claremont,CA,34.1092,-117.7183,35705,Wellsite geologist,1956-05-15,2550b316c7c62fd80d73280f56b74566,33.172693,-117.447305,0
2019-01-01 18:19:08,Schmidt-Larkin,home,43.58,Centerview,MO,38.7897,-93.8702,2368,Electronics engineer,1989-07-17,df56a9838d886325a589935476075447,38.484521,-93.962423,0
2019-01-01 18:19:25,"Crist, Jakubowski and Littel",home,107.64,Nelson,NE,40.201,-98.0684,732,Television/film/video producer,1956-12-13,0134e6a797bcf8c07b28647ad33fd53a,39.879013,-97.392439,0
2019-01-01 18:20:38,Fisher Inc,shopping_net,1.92,Lakeport,CA,39.047,-122.9328,11256,Podiatrist,1972-10-18,af5011d8e7cb6cc9c9bef96a9ad83195,38.519133,-123.181343,0
2019-01-01 18:21:36,"Welch, Rath and Koepp",entertainment,30.22,Manville,WY,42.73,-104.7024,241,Educational psychologist,1980-12-16,fbe5c5c2784841f1103629883158df3e,42.963347,-104.914279,0
2019-01-01 18:25:42,"McDermott, Osinski and Mo",home,16.96,Gardiner,OR,43.7857,-124.1437,260,"Engineer, maintenance",1956-09-01,7da59354adbd6b329958cedc2ddb98d7,44.205494,-125.023412,0
2019-01-01 18:33:44,Larkin Lt,kids_pets,48.81,Fort Washakie,WY,43.0048,-108.8964,1645,Freight forwarder,1976-02-26,fd4bd0bfecddfaeb602bf314c09afcb2,42.182211,-109.730944,0
2019-01-01 18:39:40,Gleason-Macejkovic,shopping_net,47.79,Sun City,CA,33.7467,-117.1721,54287,"Designer, exhibition/display",1972-09-22,00d4d20cf44e5788472d6a2072ba9cc6,33.942364000000005,-116.446368,0
2019-01-01 18:45:44,Pouros-Haag,shopping_pos,4.39,Smith River,CA,41.9404,-124.1587,1930,Web designer,1983-06-13,294d5ba1dad6ee093e89926ce526b2c0,42.130959,-124.248603,0
2019-01-01 18:46:36,Stiedemann Lt,food_dining,66.7,Phoenix,AZ,33.5623,-112.0559,1312922,Contractor,1981-10-24,5e14511c0c8d96ee1ecd207815ed681d,32.674727000000004,-112.497024,0
2019-01-01 18:47:23,Larson-Moen,entertainment,177.71,Lakeport,CA,39.047,-122.9328,11256,Podiatrist,1972-10-18,25c7f72b9e39d74e64e95bb657356f8d,39.494149,-122.893021,0
2019-01-01 18:48:16,"Pouros, Walker and Spence",kids_pets,17.46,Phoenix,AZ,33.5623,-112.0559,1312922,Contractor,1981-10-24,60f80969a2237a60ace9454ee21f4409,33.356253,-111.925144,0
2019-01-01 18:51:15,Boyer-Haley,travel,3178.51,Wales,AK,64.7556,-165.6723,145,"Administrator, education",1939-11-09,7083124580d6a391d678fb76b67a1ebb,64.396477,-165.209648,0
2019-01-01 18:54:22,"Weimann, Kuhic and Beahan",shopping_pos,4.65,Rocky Mount,MO,38.2911,-92.7059,1847,Tax inspector,1988-10-26,b3f0f4909b8f98814c7375abe382c297,37.780911,-92.25267,0
2019-01-01 18:57:08,Ullrich Lt,kids_pets,77.11,Meredith,CO,39.3199,-106.6596,61,Public relations account executive,1939-11-04,7f18e190f827c0b3ca0bab22b14426c8,39.872607,-106.914132,0
2019-01-01 18:57:45,Botsford PLC,home,31.55,Brashear,MO,40.1959,-92.4333,805,Private music teacher,1970-06-27,21c0418cbf5c4bfc29ff4ff8176edfd9,40.050887,-91.569601,0
2019-01-01 19:00:20,Bartoletti and Sons,personal_care,11.21,Tekoa,WA,47.2271,-117.0819,895,Clothing/textile technologist,1999-05-31,180901d384a8c4b7ae33b1ba97a628b7,47.90135,-116.53333,0
2019-01-01 19:01:57,Erdman-Schaden,personal_care,100.44,Orient,WA,48.8878,-118.2105,149,Special educational needs teacher,1978-06-21,6bb183c6898ef0d0475aca1f846a51d0,49.165095,-117.501203,0
2019-01-01 19:04:05,"Conroy, Balistreri and Gorczany",health_fitness,49.75,Moab,UT,38.5677,-109.5271,9772,Location manager,1989-11-24,718cd2b29394c0d5caaaea5eaa4f728e,38.152729,-110.134291,0
2019-01-01 19:11:15,Bernhard-Lesch,food_dining,60.29,Alva,WY,44.6873,-104.4414,110,"Administrator, local government",1973-05-16,c98fd8f971ea876e7ae4346359ec9fc8,44.572457,-103.864062,0
2019-01-01 19:12:03,"Kunze, Larkin and Mayert",travel,8.43,Portland,OR,45.5303,-122.7033,841711,"Engineer, building services",1963-04-04,dab82481c8c500b39b94972379d07c9a,45.856546,-121.938234,0
2019-01-01 19:19:40,"Roberts, Daniel and Macejkovic",kids_pets,42.61,Alva,WY,44.6873,-104.4414,110,"Administrator, local government",1973-05-16,434a1f90f4afd7582f506174ccc9f3ca,43.868972,-103.484586,0
2019-01-01 19:24:47,Bode-Rempel,kids_pets,114.22,Weeping Water,NE,40.8731,-96.1528,1517,Dealer,1951-11-08,8be6533deff4031cd250777040195860,39.891367,-97.087053,0
2019-01-01 19:29:15,McGlynn-Jaskolski,misc_pos,134.99,Orient,WA,48.8878,-118.2105,149,Special educational needs teacher,1978-06-21,d73ba068c7befebe2ba16d90fdaf001d,49.563103000000005,-117.30328,0
2019-01-01 19:38:25,Jerde-Hermann,travel,1.73,Santa Monica,CA,34.0287,-118.4924,92043,"Civil engineer, contracting",1961-04-25,1e566a2b4ba3e57e8f6c081fc6a1a996,34.179784000000005,-117.61598899999998,0
2019-01-01 19:39:59,"Kihn, Brakus and Goyette",personal_care,3.09,Espanola,NM,35.9866,-106.0654,18408,Historic buildings inspector/conservation officer,1972-07-18,2588cd0877ed416b529c9a5203756378,36.365533,-105.693983,0
2019-01-01 19:48:03,"Pouros, Walker and Spence",kids_pets,3.51,American Fork,UT,40.3928,-111.7941,42384,Futures trader,1992-12-29,2c2d62c3b52ef131bc198b194d7b6838,40.580639,-112.753756,0
2019-01-01 19:54:19,"Becker, Harris and Harvey",personal_care,29.24,Grenada,CA,41.6125,-122.5258,589,Systems analyst,1945-12-21,f46cb7a27c537485ae4b898d539eeff8,42.114385,-123.20183,0
2019-01-01 19:55:22,Heathcote LLC,shopping_net,229.06,Superior,AZ,33.2887,-111.0985,2872,Petroleum engineer,1987-10-28,07232949bfb231b46bb6c82ab036e95b,33.977657,-111.885569,0
2019-01-01 20:02:20,"Torp, Muller and Bore",health_fitness,71.62,Meadville,MO,39.7795,-93.3014,964,Tourist information centre manager,1974-12-23,1178f236bbf9ada6fcc79ac89567c202,40.146224,-94.021024,0
2019-01-01 20:04:15,Buckridge PLC,misc_pos,6.83,Glendale,CA,34.1556,-118.2322,172817,Advertising account planner,1982-07-30,793c454ac9541d35eccfb18fc1a6976b,34.626065999999994,-117.819422,0
2019-01-01 20:04:28,Macejkovic-Lesch,shopping_pos,64.12,Phoenix,AZ,33.5623,-112.0559,1312922,Contractor,1981-10-24,ef2c9c9fe89a3a4a57a7797da0fcad62,34.065058,-111.422991,0
2019-01-01 20:04:43,Streich Lt,home,121.21,Issaquah,WA,47.4974,-122.0107,50489,Osteopath,1984-02-29,9969e4547a6a154ffcb339470f972ff6,48.377519,-122.962536,0
2019-01-01 20:04:49,Nader-Maggio,personal_care,74.9,Red Cliff,CO,39.4584,-106.3851,277,Human resources officer,1985-04-03,9a2aca559b2710715119a01e718fbfa1,39.795193,-106.962303,0
2019-01-01 20:09:45,Crooks and Sons,personal_care,24.77,Burlington,WA,48.4786,-122.3345,14871,Public house manager,1974-03-10,e8a94d15434e1172051efd78c808aa6d,47.947545,-123.110537,0
2019-01-01 20:12:22,Friesen Lt,health_fitness,12.3,Shedd,OR,44.453,-123.1065,917,Radio broadcast assistant,1995-07-08,ff563526ed8274bb94ba119c5db56155,43.640488,-123.744764,0
2019-01-01 20:12:50,Schmitt Lt,misc_net,135.45,Omaha,NE,41.2064,-95.9953,518429,"Surveyor, land/geomatics",1995-10-10,ca7dcf7144c26ab151ad31efa97aaabe,41.09935,-95.747545,0
2019-01-01 20:15:25,Kris-Padberg,shopping_pos,4.26,Rock Springs,WY,41.606,-109.23,27971,Music therapist,1984-08-01,6619864ffcab1d7e8abba81ef3d031f6,41.924296000000005,-108.348972,0
2019-01-01 20:15:26,Connelly-Carte,home,57.45,High Rolls Mountain Park,NM,32.9396,-105.8189,899,Naval architect,1967-08-30,df5de84fd8cb7ad1c0e1953a404031d6,32.400285,-104.957355,0
2019-01-01 20:16:25,Pouros-Conroy,shopping_pos,6.49,Red River,NM,36.6659,-105.4694,606,"Surveyor, land/geomatics",1988-09-06,7eb1642bc0c2d7b146441ca74ac55090,37.311043,-105.471246,0
2019-01-01 20:26:27,"Roberts, Daniel and Macejkovic",kids_pets,9.39,Arnold,MO,38.4305,-90.387,35439,Land/geomatics surveyor,1985-03-31,c12a9a17b8df4adf41ee1d55e781720a,38.800359,-89.919161,0
2019-01-01 20:26:39,Bogisich-Weimann,kids_pets,141.46,June Lake,CA,37.7773,-119.0825,633,Health service manager,1927-09-09,4fed9d6795bb838bf11d80ed430efdf0,37.385819,-120.061873,0
2019-01-01 20:35:51,Daugherty-Thompson,food_dining,24.97,Odessa,MO,38.9829,-93.9757,9512,Clinical research associate,1972-12-31,88857bfe3d2724104a18a639e15a59e0,39.849068,-94.176537,0
2019-01-01 20:38:41,"Schuppe, Nolan and Hoege",shopping_pos,6.28,Sacramento,CA,38.5662,-121.3286,757530,Magazine features editor,1979-04-30,80a5528e802180a8dc28d610962e4675,38.613811,-121.413926,0
2019-01-01 20:40:14,Berge-Hills,kids_pets,49.81,Wales,AK,64.7556,-165.6723,145,"Administrator, education",1939-11-09,08b8f4091bab6c9dba3f34f5e3252e6b,63.79636,-165.485109,0
2019-01-01 20:40:47,Mayert Group,shopping_pos,1.16,Redford,MO,37.3272,-91.0243,241,Investment analyst,1974-10-27,f23d90a52db65b74e64e9043b02949f2,36.489823,-90.556272,0
2019-01-01 20:46:05,Kulas Group,health_fitness,49.34,Littleton,CO,39.5994,-105.0044,320420,Water engineer,1975-07-31,ca764fc27ed9bb095cfe836b25cf7d84,38.620621,-104.029579,0
2019-01-01 20:48:16,"Swaniawski, Lowe and Robel",shopping_pos,3.33,Fullerton,NE,41.36600000000001,-98.0054,1749,"Surveyor, mining",1973-05-07,adc264d28c86bd4ad88344e52f48c13e,42.172046,-97.686842,0
2019-01-01 20:54:45,Torphy-Kertzmann,health_fitness,159.44,Sutherland,NE,41.1558,-101.136,1789,Insurance broker,1982-02-11,d6edc00de359979b84ea826456586119,41.675729,-101.703298,0
2019-01-01 20:55:35,Heller PLC,health_fitness,30.41,Paauilo,HI,20.0271,-155.3697,1490,"Scientist, research (maths)",1991-04-13,3d4e4c4d11727bc96ba0a46fcea32117,20.481070000000003,-155.740028,0
2019-01-01 21:03:35,"Nicolas, Hills and McGlynn",entertainment,8.34,Sacramento,CA,38.5662,-121.3286,757530,Magazine features editor,1979-04-30,3c99d4c6f747cc0dd9d81ed63d261a80,38.855773,-122.32151299999998,0
2019-01-01 21:04:12,"Torp, Muller and Bore",health_fitness,41.29,Newhall,CA,34.3795,-118.523,34882,Health physicist,1971-04-25,e8026fc4361a07dfeb7f47436395982a,35.140141,-117.938224,0
2019-01-01 21:07:58,"Witting, Beer and Ernse",home,29.79,Luray,MO,40.4931,-91.8912,519,Town planner,1966-02-13,0b9d5aff74ce10e3b0f400a388b61ef3,40.231714,-91.206446,0
2019-01-01 21:12:06,"Dare, Fritsch and Zboncak",health_fitness,4.57,Eugene,OR,44.0385,-123.0614,191096,"Scientist, physiological",1964-04-06,e3702ad397728d0e3c365d5d49071eca,43.594883,-122.34648,0
2019-01-01 21:15:28,Thompson-Gleason,health_fitness,105.41,Woods Cross,UT,40.8874,-111.9027,13983,Insurance broker,1979-08-14,b62d4562406a8ca35cd68bc6bbadd8d6,40.875203000000006,-112.519297,0
2019-01-01 21:15:42,Grimes LLC,entertainment,20.0,Oakland,CA,37.7878,-122.1884,381459,Barista,1974-01-03,a96164ad2d238fdbc812d25d35cbbcdb,37.773943,-121.283179,0
2019-01-01 21:18:38,Connelly PLC,food_dining,104.63,Corona,CA,33.8419,-117.6043,233717,Wellsite geologist,1966-05-22,4b8c80c37b370ab3bdee316aab8a2f06,33.079436,-117.494028,0
2019-01-01 21:19:39,Bechtelar-Rippin,food_dining,57.14,Jordan Valley,OR,42.8801,-117.281,641,Economist,1993-11-24,9299553df6d3ba79274e9041585c1309,43.24161,-118.179037,0
2019-01-01 21:25:11,"Okuneva, Schneider and R",shopping_pos,8.3,Orient,WA,48.8878,-118.2105,149,Special educational needs teacher,1978-06-21,250055e51b76e1c4152ebfff83c19ec0,48.05011,-118.329201,0
2019-01-01 21:25:23,"Willms, Kris and Bergnaum",shopping_pos,7.69,Paauilo,HI,20.0271,-155.3697,1490,"Scientist, research (maths)",1991-04-13,72fcdae2442e7d30c06eb6e2abaf5a22,19.968555,-155.053512,0
2019-01-01 21:25:39,"Runte, Green and Em",health_fitness,22.31,Napa,CA,38.4549,-122.2564,94014,Airline pilot,1985-08-21,dfe910a98a86ab2dfcd602185ba71a29,37.529832,-122.205871,0
2019-01-01 21:26:27,Zboncak LLC,food_dining,67.11,Lonetree,WY,41.0552,-110.1603,49,Research scientist (physical sciences),1981-07-05,d754cae48d616aec2c2a6f4c48f7d07a,42.007839,-110.353414,0
2019-01-01 21:27:16,"Lesch, D'Amore and Brown",food_dining,20.93,Moriarty,NM,34.9889,-106.0609,7268,"Therapist, art",1988-08-04,3bda594044c4f0772e151a9cc6900add,34.767118,-105.960319,0
2019-01-01 21:28:54,Marvin-Lin,personal_care,33.78,Glendale,CA,34.1556,-118.2322,172817,Advertising account planner,1982-07-30,1b6af0e4209b3bb44d9e82a4255b3f46,34.752621000000005,-118.221602,0
2019-01-01 21:31:03,Cormier LLC,shopping_net,447.78,Newhall,CA,34.3795,-118.523,34882,Health physicist,1971-04-25,7f5e9f9e4ade34c0abaad55cc5eb4ee5,34.645469,-118.051634,0
2019-01-01 21:33:39,"Cormier, Stracke and Thiel",entertainment,45.1,Browning,MO,40.029,-93.1607,602,Cytogeneticist,1954-07-14,a3e2fb7d49347f50d15adce1ef19ef72,39.490995,-92.472437,0
2019-01-01 21:34:41,Erdman-Durgan,health_fitness,113.84,Tekoa,WA,47.2271,-117.0819,895,Clothing/textile technologist,1999-05-31,389422c7d2f777a760342c289f47db82,46.261711,-117.08525,0
2019-01-01 21:38:44,Kuhn Group,food_dining,33.89,Carlotta,CA,40.507,-123.9743,1139,"Therapist, occupational",1951-01-15,8f73e56f3b7115851fc6139cb9f979a5,39.941232,-124.012756,0
2019-01-01 21:39:58,"Labadie, Treutel and Bode",shopping_net,6.48,Newhall,CA,34.3795,-118.523,34882,Health physicist,1971-04-25,40581283af662ad2a452045e8f5739ae,35.253252,-117.74474,0
2019-01-01 21:41:29,"Witting, Beer and Ernse",home,28.77,Broomfield,CO,39.8854,-105.1139,92337,"Engineer, electronics",1967-10-18,6ad315925e4dd95e9a85ab5dc7ab0ca7,38.949159,-105.955902,0
2019-01-01 21:42:19,Greenholt Lt,health_fitness,75.33,Kissee Mills,MO,36.6704,-93.0377,1201,"Engineer, agricultural",1980-03-18,52f9c1d177241c00661e9d83d1faee21,36.681997,-93.5671,0
2019-01-01 21:42:34,Schaefer Lt,kids_pets,12.19,Wheaton,MO,36.7651,-94.0492,760,Production manager,1985-08-31,e2b08de278a65b926127d5d70f1a4cba,35.9995,-93.317465,0
2019-01-01 21:43:59,Lubowitz-Walte,kids_pets,54.98,Fort Washakie,WY,43.0048,-108.8964,1645,Freight forwarder,1976-02-26,cb130a5560a8593c43612c21ef9808c2,42.481214,-108.246805,0
2019-01-01 21:51:06,Adams-Barrows,health_fitness,29.92,Littleton,CO,39.5994,-105.0044,320420,Water engineer,1975-07-31,e117e065a1ce5acc71f00e071c6fb6d0,38.640166,-105.175756,0
2019-01-01 21:52:04,Friesen Lt,health_fitness,73.34,Meadville,MO,39.7795,-93.3014,964,Tourist information centre manager,1974-12-23,cc1f80dd32590651843a441568c30bc8,40.54555,-93.579812,0
2019-01-01 21:52:56,"Zemlak, Tillman and Cremin",personal_care,1.4,Ballwin,MO,38.577,-90.5255,92608,"Engineer, communications",2001-07-26,f2c5a5bf08e44a0913d9b2eda761aaf2,38.691778,-91.416089,0
2019-01-01 21:54:53,Thiel PLC,misc_pos,7.27,Centerview,MO,38.7897,-93.8702,2368,Electronics engineer,1989-07-17,019ec2164a3c8bb248a75ccc3c2c4236,39.235482,-93.225222,0
2019-01-01 21:59:04,Lubowitz-Walte,kids_pets,49.82,Superior,AZ,33.2887,-111.0985,2872,Petroleum engineer,1987-10-28,6af71459d48a8ec81205a7fb49980495,32.553727,-110.263759,0
2019-01-01 22:00:35,"Hahn, Bahringer and McLaughlin",personal_care,71.36,Centerview,MO,38.7897,-93.8702,2368,Electronics engineer,1989-07-17,c4b4365908f1bd9720b10cc09a57abd9,38.846172,-93.824245,0
2019-01-01 22:00:42,Rau-Grant,kids_pets,21.39,High Rolls Mountain Park,NM,32.9396,-105.8189,899,Naval architect,1967-08-30,f5fc8a3c1e6ec3fd813aab0a185ddfc0,33.069355,-105.571719,0
2019-01-01 22:04:38,Kozey-McDermott,travel,5.22,North Loup,NE,41.4972,-98.7858,509,"Nurse, children's",1980-09-15,c6efde9b86936bca80945c3f24695b45,40.659439,-98.89309,0
2019-01-01 22:04:54,"Hettinger, McCullough and Fay",home,105.65,Daly City,CA,37.6787,-122.478,107941,"Buyer, industrial",1991-10-04,8bdf43445f4223fe8ac8629fffda6ae1,38.514981,-122.023423,0
2019-01-01 22:07:29,Gerhold LLC,home,64.75,Unionville,MO,40.4815,-92.9951,3805,"Investment banker, corporate",1950-09-15,72e2d9a0fb2b45d32cd8b13109e4e82d,40.259567,-92.953913,0
2019-01-01 22:08:58,"Kihn, Brakus and Goyette",personal_care,71.63,Burlington,WA,48.4786,-122.3345,14871,Public house manager,1974-03-10,56b1647d1d6e9bb8071f3221f366f16a,48.525939,-121.588966,0
2019-01-01 22:09:27,Prosacco LLC,personal_care,40.16,Superior,AZ,33.2887,-111.0985,2872,Petroleum engineer,1987-10-28,f17d72651e46fdc5a5056c12febca8a8,33.762252000000004,-110.740278,0
2019-01-01 22:21:55,Rau-Robel,kids_pets,88.63,Bay City,OR,45.5197,-123.8761,1530,Colour technologist,1986-11-24,e8eaa26dc34ab242278c0ed860cf0f74,45.436643,-123.960131,0
2019-01-01 22:22:09,Torphy-Kertzmann,health_fitness,21.45,Crownpoint,NM,35.7206,-108.0271,5662,IT consultant,1989-04-08,84b556b1f830e01de1aad232755ed6c6,35.581144,-107.356356,0
2019-01-01 22:23:32,Skiles LLC,home,42.88,Rock Springs,WY,41.606,-109.23,27971,Music therapist,1984-08-01,23b2c607bbde38bac06cc5e90b58bc61,41.225137,-109.47402,0
2019-01-01 22:23:55,Lind-Buckridge,entertainment,73.34,Carroll,NE,42.277,-97.1926,566,Metallurgist,1975-01-26,ae69f04995961f29318e5a28fcb11f98,42.502963,-97.706886,0
2019-01-01 22:25:29,"Kihn, Abernathy and Douglas",shopping_net,9.95,Moab,UT,38.5677,-109.5271,9772,Location manager,1989-11-24,a58b029ccd757a95b2961f8675c30fa1,39.414781,-110.498449,0
2019-01-01 22:28:21,Stiedemann Lt,food_dining,24.07,Burlington,WA,48.4786,-122.3345,14871,Public house manager,1974-03-10,198cabf2c7cb46cf497358d160303582,47.641312,-122.931614,0
2019-01-01 22:30:05,Schmidt-Larkin,home,20.65,Rocky Mount,MO,38.2911,-92.7059,1847,Tax inspector,1988-10-26,843a2535016fecce489ecc1370b11f6d,39.289666,-92.394139,0
2019-01-01 22:32:43,"Turcotte, McKenzie and Koss",entertainment,125.49,Orient,WA,48.8878,-118.2105,149,Special educational needs teacher,1978-06-21,c26263694a350cd2c42b005ce8fe1155,49.228888,-118.206791,0
2019-01-01 22:43:53,Stamm-Witting,shopping_net,6.99,Utica,MO,39.7417,-93.6289,271,Land/geomatics surveyor,1972-04-18,a47d36139df1e37afc206fdd704d3362,38.973135,-93.829432,0
2019-01-01 22:45:27,"Kunze, Larkin and Mayert",travel,5.32,Tomales,CA,38.2427,-122.9145,337,Occupational psychologist,1954-07-05,f443ae69ad8548dece7f2b469702975b,37.888865,-122.785068,0
2019-01-01 22:46:16,Barton LLC,kids_pets,68.85,Issaquah,WA,47.4974,-122.0107,50489,Osteopath,1984-02-29,deb04419788e311af80c292f92d89d37,48.321374,-121.78628,0
2019-01-01 22:47:20,Goyette Inc,shopping_net,11.77,Colorado Springs,CO,38.8881,-104.6556,525713,Museum/gallery exhibitions officer,1992-05-09,9f52cbeaaece8eabea439ca6cb34c055,38.389383,-104.992704,0
2019-01-01 22:47:45,Padberg-Saue,home,87.06,Blairstown,MO,38.5319,-93.9221,467,Agricultural consultant,1950-05-27,2a76bed0c3fb70344b98b2900c192811,39.039049,-94.507081,0
2019-01-01 22:49:47,Ziemann-Waters,health_fitness,1.8,Manley,NE,40.9207,-96.168,206,Human resources officer,1967-10-04,ea58d81943623103dba636a5e68c231f,40.420497,-96.159977,0
2019-01-01 22:53:49,Gibson-Deckow,entertainment,27.15,Burbank,WA,46.1966,-118.9017,3684,Musician,1981-11-29,d3a79751b8bd09ba788503f66aea2582,46.212519,-118.869384,0
2019-01-01 22:54:25,Terry Lt,home,7.64,Lagrange,WY,41.6423,-104.1974,635,Product/process development scientist,1973-07-13,d96ece30c9ca5a20368821f826a09e8a,41.629626,-103.45546,0
2019-01-01 23:01:05,Terry-Huel,shopping_net,2.41,Espanola,NM,35.9866,-106.0654,18408,Historic buildings inspector/conservation officer,1972-07-18,9400fde6bbd206d6b813e952e453795c,35.112267,-105.322752,0
2019-01-01 23:08:24,Nolan-Williamson,kids_pets,53.01,Laguna Hills,CA,33.615,-117.7114,45303,Sales executive,1969-12-22,35b0049c7f244b0d1cb4ad81ede3c537,34.087499,-117.647717,0
2019-01-01 23:08:45,Brown PLC,misc_net,83.92,Thompson,UT,38.9999,-109.615,46,"Surveyor, minerals",1987-04-23,58808a8ed143288e7947a2cf381c607d,38.210919,-110.595579,0
2019-01-01 23:11:04,"Moore, Williamson and Emmerich",home,51.86,Laramie,WY,41.4247,-105.4781,35371,"Pilot, airline",1988-09-02,720752bf8826806c7890019232482853,41.613307,-105.380634,0
2019-01-01 23:11:07,Kertzmann LLC,health_fitness,76.11,Fiddletown,CA,38.5234,-120.6763,832,Immigration officer,1987-05-19,f626353bf9ec39c787195aae7eff752b,38.362996,-119.723456,0
2019-01-01 23:14:06,Feil-Mo,health_fitness,72.64,Ballwin,MO,38.577,-90.5255,92608,"Engineer, communications",2001-07-26,0ac1bfe05e99978e5769b890d78e343c,38.324545,-90.674987,0
2019-01-01 23:16:17,"Baumbach, Hodkiewicz and Walsh",shopping_pos,2.15,Meridian,ID,43.6498,-116.4306,84106,Intelligence analyst,1971-02-11,2752c8b79622dd7c9ce32c78f8679d1c,44.452268,-116.395156,0
2019-01-01 23:23:09,"Medhurst, Labadie and Gottlieb",travel,512.46,Napa,CA,38.4549,-122.2564,94014,Airline pilot,1985-08-21,a4b8902348f30a6bab3922163f228629,39.022962,-122.737544,0
2019-01-01 23:23:37,"Nienow, Barrows and Romague",personal_care,6.42,Paradise Valley,AZ,33.5494,-111.9565,17047,Building surveyor,1935-01-29,7d24f53a950a1d1f863d5b960b35b330,33.713655,-112.446546,0
2019-01-01 23:28:29,Schuppe LLC,entertainment,55.89,Burlington,WA,48.4786,-122.3345,14871,Public house manager,1974-03-10,eff62774817e0d0a175f979c1c646dc8,49.010383,-121.493796,0
2019-01-01 23:32:16,Spencer PLC,entertainment,73.4,Lonetree,WY,41.0552,-110.1603,49,Research scientist (physical sciences),1981-07-05,db9588853280dca0843c1342ef649bc5,41.459578,-110.166254,0
2019-01-01 23:33:12,"Hagenes, Kohler and Hoppe",food_dining,9.9,Burbank,WA,46.1966,-118.9017,3684,Musician,1981-11-29,c71aa628bc74c7e9189c1e4c83266e09,46.96854,-118.758302,0
2019-01-01 23:37:39,"Yost, Block and Koepp",misc_pos,8.56,Paauilo,HI,20.0271,-155.3697,1490,"Scientist, research (maths)",1991-04-13,0ba4139213bd0f80cff4be08c2aee149,19.481219,-154.778505,0
2019-01-01 23:42:49,"Schmeler, Bashirian and Price",shopping_net,8.11,Red River,NM,36.6659,-105.4694,606,"Surveyor, land/geomatics",1988-09-06,edda8aec411d288f11611f43b773a4bb,37.184733,-105.218084,0
2019-01-01 23:42:49,Balistreri-Nade,misc_pos,9.58,North Loup,NE,41.4972,-98.7858,509,"Nurse, children's",1980-09-15,d246dd44dad76dd2f7f609c7862e9d8b,41.686366,-99.618557,0
2019-01-01 23:45:37,Stark-Koss,home,6.12,Rock Springs,WY,41.606,-109.23,27971,Music therapist,1984-08-01,ce11529789b06f139ff48f226d1ec621,41.99083,-108.942397,0
2019-01-01 23:46:40,Brown Inc,kids_pets,29.42,Lowell,OR,43.92100000000001,-122.7806,1420,Systems analyst,1965-11-11,2f51bdb3f2790c3fd4a5b62508942150,43.196635,-123.215828,0
2019-01-01 23:58:43,Barton LLC,kids_pets,48.66,Dumont,CO,39.7532,-105.6356,565,Mental health nurse,1978-08-27,a4efb0c8ab340b831071f78166b8f15a,40.647764,-106.143376,0
2019-01-02 00:21:09,Volkman-Predovic,shopping_net,2.63,Mound City,MO,40.1362,-95.2138,1631,Architect,1953-01-20,9fac14b154899435d1630b2ef03b5dda,39.742842,-95.411493,0
2019-01-02 00:31:23,Runolfsson and Sons,grocery_net,48.3,Holstein,NE,40.4542,-98.6538,331,Telecommunications researcher,1950-08-19,78d7f0953154e92fb435002eeae4981f,41.272674,-99.044904,0
2019-01-02 00:33:24,Pfeffer LLC,grocery_net,51.82,Thompson,UT,38.9999,-109.615,46,"Surveyor, minerals",1987-04-23,16b4a94ff9ab8c19c89427af37eb2742,39.396042,-109.619847,0
2019-01-02 00:54:23,Auer-Mosciski,grocery_pos,76.21,Oakland,CA,37.7878,-122.1884,381459,Barista,1974-01-03,f8ce566ddcebf369d9b5bf90f2773193,37.390486,-123.144762,0
2019-01-02 00:57:19,Dooley Inc,shopping_pos,8.59,Cascade Locks,OR,45.67100000000001,-121.8686,1288,Barrister,1936-05-01,07bff2fc6268ccd211a91e0050b07ba9,46.434374,-121.125663,0
2019-01-02 01:09:53,Herman Inc,misc_pos,13.38,Issaquah,WA,47.4974,-122.0107,50489,Osteopath,1984-02-29,f202fcd64fe845279d84c119a4c6c1ff,47.996962,-121.780825,0
2019-01-02 01:14:17,"Zieme, Bode and Dooley",gas_transport,51.77,Fields Landing,CA,40.7268,-124.2174,276,"Scientist, audiological",1929-05-06,feb74a12cbd2eb72c842fb9d3b773cf1,40.74029,-123.24884,0
2019-01-02 01:16:49,"Haley, Jewess and Bechtel",shopping_pos,6.86,Unionville,MO,40.4815,-92.9951,3805,"Investment banker, corporate",1950-09-15,b6b0a9be3bc88351797f37e42840f949,41.265211,-93.827151,0
2019-01-02 01:20:58,Schmitt Lt,misc_net,2.91,Blairstown,MO,38.5319,-93.9221,467,Agricultural consultant,1950-05-27,d1365e89bed0906b7d44ef7911f5b5ee,38.742702,-93.093334,0
2019-01-02 01:40:04,"Swaniawski, Bahringer and Ledne",grocery_net,23.12,Utica,MO,39.7417,-93.6289,271,Land/geomatics surveyor,1972-04-18,a142e3347c7875f9b67da08012033ebe,39.374924,-93.844667,0
2019-01-02 01:49:58,Padberg-Welch,grocery_pos,91.4,Honokaa,HI,20.0827,-155.488,4878,Physiotherapist,1966-12-03,4709e819b15e82f564c992cd05e336e1,21.043845,-155.447896,0
2019-01-02 01:51:11,Rutherford-Mertz,grocery_pos,215.74,Superior,AZ,33.2887,-111.0985,2872,Petroleum engineer,1987-10-28,c45df5f3ed30bda45352c3f82ef10248,33.312490000000004,-111.443804,0
2019-01-02 02:05:31,Conroy-Cruickshank,gas_transport,46.73,Matthews,MO,36.7154,-89.6287,1019,Aeronautical engineer,1979-01-26,82907c2e98df8639dca5d5ae8d9b7b13,35.819724,-89.206012,0
2019-01-02 02:06:45,Spencer PLC,entertainment,26.1,Parker,CO,39.5102,-104.7216,84861,Materials engineer,1932-03-10,e6af4a1aaf71b7900edd3b089c6865d1,39.520305,-105.210315,0
2019-01-02 02:08:44,Thiel PLC,misc_pos,30.62,Burbank,WA,46.1966,-118.9017,3684,Musician,1981-11-29,5e1a49f6a9bcafc4aa6602f1a3b96174,45.225067,-119.273865,0
2019-01-02 02:28:39,Kutch LLC,gas_transport,79.4,Superior,AZ,33.2887,-111.0985,2872,Petroleum engineer,1987-10-28,1d648dce16f0ace60243f6b957da728e,32.988807,-111.963005,0
2019-01-02 02:29:53,Rodriguez Group,gas_transport,43.26,Blairstown,MO,38.5319,-93.9221,467,Agricultural consultant,1950-05-27,a75a465cb898ac9e86e1dd341113c6a2,37.785401,-93.880707,0
2019-01-02 02:34:04,"Osinski, Ledner and Leuschke",grocery_pos,220.29,Newhall,CA,34.3795,-118.523,34882,Health physicist,1971-04-25,2710aed9c02d24fdbcecf0ab996e33f9,34.256393,-118.886981,0
2019-01-02 02:52:11,Stamm-Rodriguez,misc_pos,207.83,Littleton,CO,39.5994,-105.0044,320420,Water engineer,1975-07-31,1e5550236eed58fa0605074955722e21,39.968462,-104.94243,0
2019-01-02 02:57:09,"Bernier, Volkman and Hoege",misc_net,6.61,Syracuse,MO,38.6547,-92.8929,628,"Radiographer, diagnostic",1961-12-18,3bab42fac5b8009dc3c9a50e1d46184f,38.254663,-93.597463,0
2019-01-02 02:58:06,"Rutherford, Homenick and Bergstrom",grocery_net,68.31,Ruidoso,NM,33.3305,-105.6933,8874,Licensed conveyancer,2000-08-16,a22bb31c8f0110e668ec26914f66734b,33.146799,-105.745195,0
2019-01-02 02:58:14,"Robel, Cummerata and Prosacco",gas_transport,73.25,Sacramento,CA,38.5662,-121.3286,757530,Magazine features editor,1979-04-30,d6a51ec7f1efc157526f24f3a8a1fbc9,38.118467,-121.411543,0
2019-01-02 03:05:14,Emard Inc,gas_transport,35.27,Sutherland,NE,41.1558,-101.136,1789,Insurance broker,1982-02-11,8c997b585c1e321643c49ec2e17e68ad,41.341091,-101.754652,0
2019-01-02 03:11:36,"Kerluke, Kertzmann and Wiz",misc_net,21.99,Wheaton,MO,36.7651,-94.0492,760,Production manager,1985-08-31,b9290042f7efc29d73ccd901f03a1952,37.518924,-94.650727,0
2019-01-02 03:15:14,Kling-Ernse,entertainment,1.51,Eugene,OR,44.0385,-123.0614,191096,"Scientist, physiological",1964-04-06,28f88dbfd39392714797e4610a6dadd2,44.454061,-122.718486,0
2019-01-02 03:20:22,McDermott-Weimann,grocery_pos,49.23,Hawthorne,CA,33.9143,-118.3493,93193,"Editor, magazine features",1995-04-19,11b2fd2f54140efd6280797c3bdfcf1d,34.037665000000004,-117.626511,0
2019-01-02 03:21:17,"Harris, Gusikowski and Heaney",grocery_net,53.7,Red Cliff,CO,39.4584,-106.3851,277,Human resources officer,1985-04-03,fb9c56ff3c4e3268bb67516e8358b725,38.828774,-106.60844,0
2019-01-02 03:55:18,Dickinson Lt,misc_pos,6.4,San Jose,CA,37.3304,-121.7913,973849,Science writer,1955-06-12,c97098f3d1bb43b7d4025c137d5f1858,36.8782,-120.857282,0
2019-01-02 03:59:31,"Mosciski, Gislason and Mertz",grocery_pos,181.72,Littleton,CO,39.5994,-105.0044,320420,Water engineer,1975-07-31,31ad5ee9508ab79f0bc12f83d133b2b2,39.819973,-104.08747,0
2019-01-02 04:03:47,"Robel, Cummerata and Prosacco",gas_transport,75.37,Mound City,MO,40.1362,-95.2138,1631,Architect,1953-01-20,8f4639e8f53277b4d351726c16e23658,40.48018,-95.348032,0
2019-01-02 04:05:19,Kiehn-Emmerich,grocery_pos,101.49,Redford,MO,37.3272,-91.0243,241,Investment analyst,1974-10-27,caa4ae01da5e1731dc7c5103645b8a31,37.894793,-91.691718,0
2019-01-02 04:07:33,Parisian and Sons,gas_transport,87.49,Indian Wells,CA,33.7163,-116.3381,4677,Learning mentor,1955-05-06,820383259bcb6c76208e99a7bd29b33f,33.910183,-116.31082,0
2019-01-02 04:16:00,"Rowe, Batz and Goodwin",grocery_pos,251.96,Newhall,CA,34.3795,-118.523,34882,Health physicist,1971-04-25,f3b2f87ae5d6fc47fabde935be913f7b,34.209317,-117.676437,0
